[00:41:54][dlc.cpp:822]: Could not find item in store backend.
[00:41:54][dlc.cpp:822]: Could not find item in store backend.
[00:41:54][dlc.cpp:822]: Could not find item in store backend.
[00:41:54][dlc.cpp:822]: Could not find item in store backend.
[00:41:54][dlc.cpp:822]: Could not find item in store backend.
[00:41:54][dlc.cpp:822]: Could not find item in store backend.
[00:41:54][dlc.cpp:822]: Could not find item in store backend.
[00:41:54][dlc.cpp:822]: Could not find item in store backend.
[00:41:54][dlc.cpp:822]: Could not find item in store backend.
[00:41:54][dlc.cpp:822]: Could not find item in store backend.
[00:41:54][dlc.cpp:822]: Could not find item in store backend.
[00:41:54][dlc.cpp:822]: Could not find item in store backend.
[00:41:54][dlc.cpp:822]: Could not find item in store backend.
[00:41:54][dlc.cpp:822]: Could not find item in store backend.
[00:41:54][dlc.cpp:822]: Could not find item in store backend.
[00:41:54][dlc.cpp:822]: Could not find item in store backend.
[00:41:54][dlc.cpp:822]: Could not find item in store backend.
[00:41:56][pdx_localize.cpp:199]: Duplicate localization key. Key 'dyn_c_great_mongolian_state' is defined in both 'localization/english/countries_l_english.yml' and 'localization/english/eafp_mongolia_l_english.yml'.
[00:41:56][pdx_localize.cpp:199]: Duplicate localization key. Key 'dyn_c_great_mongolian_state_adj' is defined in both 'localization/english/countries_l_english.yml' and 'localization/english/eafp_mongolia_l_english.yml'.
[00:41:56][pdx_localize.cpp:199]: Duplicate localization key. Key 'dyn_c_mongolian_peoples_republic' is defined in both 'localization/english/countries_l_english.yml' and 'localization/english/eafp_mongolia_l_english.yml'.
[00:41:56][pdx_localize.cpp:199]: Duplicate localization key. Key 'dyn_c_mongolian_peoples_republic_adj' is defined in both 'localization/english/countries_l_english.yml' and 'localization/english/eafp_mongolia_l_english.yml'.
[00:41:58][pdx_localize.cpp:199]: Duplicate localization key. Key 'character_role_kor_grand_empress_dowager' is defined in both 'localization/korean/eafp_kor_rework_l_korean.yml' and 'localization/korean/eafp_kor_rework_l_korean.yml'.
[00:41:58][pdx_localize.cpp:199]: Duplicate localization key. Key 'dyn_c_great_mongolian_state' is defined in both 'localization/korean/countries_l_korean.yml' and 'localization/korean/eafp_mongolia_l_korean.yml'.
[00:41:58][pdx_localize.cpp:199]: Duplicate localization key. Key 'dyn_c_great_mongolian_state_adj' is defined in both 'localization/korean/countries_l_korean.yml' and 'localization/korean/eafp_mongolia_l_korean.yml'.
[00:41:58][pdx_localize.cpp:199]: Duplicate localization key. Key 'dyn_c_mongolian_peoples_republic' is defined in both 'localization/korean/countries_l_korean.yml' and 'localization/korean/eafp_mongolia_l_korean.yml'.
[00:41:58][pdx_localize.cpp:199]: Duplicate localization key. Key 'dyn_c_mongolian_peoples_republic_adj' is defined in both 'localization/korean/countries_l_korean.yml' and 'localization/korean/eafp_mongolia_l_korean.yml'.
[00:41:58][pdx_localize.cpp:199]: Duplicate localization key. Key 'kenjiro' is defined in both 'localization/korean/japan_historical_names_l_korean.yml' and 'localization/korean/japan_historical_names_l_korean.yml'.
[00:41:58][pdx_localize.cpp:199]: Duplicate localization key. Key 'toshisada' is defined in both 'localization/korean/japan_historical_names_l_korean.yml' and 'localization/korean/japan_historical_names_l_korean.yml'.
[00:41:58][pdx_localize.cpp:199]: Duplicate localization key. Key 'yoshihiro' is defined in both 'localization/korean/japan_historical_names_l_korean.yml' and 'localization/korean/japan_historical_names_l_korean.yml'.
[00:41:58][pdx_localize.cpp:199]: Duplicate localization key. Key 'tadaaki' is defined in both 'localization/korean/japan_historical_names_l_korean.yml' and 'localization/korean/japan_historical_names_l_korean.yml'.
[00:41:58][pdx_localize.cpp:199]: Duplicate localization key. Key 'tadatomo' is defined in both 'localization/korean/japan_historical_names_l_korean.yml' and 'localization/korean/japan_historical_names_l_korean.yml'.
[00:41:58][pdx_localize.cpp:199]: Duplicate localization key. Key 'tadayuki' is defined in both 'localization/korean/japan_historical_names_l_korean.yml' and 'localization/korean/japan_historical_names_l_korean.yml'.
[00:41:58][pdx_localize.cpp:199]: Duplicate localization key. Key 'naoaki' is defined in both 'localization/korean/japan_historical_names_l_korean.yml' and 'localization/korean/japan_historical_names_l_korean.yml'.
[00:41:58][pdx_localize.cpp:199]: Duplicate localization key. Key 'nagahiro' is defined in both 'localization/korean/japan_historical_names_l_korean.yml' and 'localization/korean/japan_historical_names_l_korean.yml'.
[00:41:58][pdx_localize.cpp:199]: Duplicate localization key. Key 'yoshinori' is defined in both 'localization/korean/japan_historical_names_l_korean.yml' and 'localization/korean/japan_historical_names_l_korean.yml'.
[00:41:58][pdx_localize.cpp:199]: Duplicate localization key. Key 'tadayuki' is defined in both 'localization/korean/japan_historical_names_l_korean.yml' and 'localization/korean/japan_historical_names_l_korean.yml'.
[00:41:58][pdx_localize.cpp:199]: Duplicate localization key. Key 'yoshitaka' is defined in both 'localization/korean/japan_historical_names_l_korean.yml' and 'localization/korean/japan_historical_names_l_korean.yml'.
[00:41:58][pdx_localize.cpp:199]: Duplicate localization key. Key 'yoshinori' is defined in both 'localization/korean/japan_historical_names_l_korean.yml' and 'localization/korean/japan_historical_names_l_korean.yml'.
[00:41:58][pdx_localize.cpp:199]: Duplicate localization key. Key 'naritaka' is defined in both 'localization/korean/japan_historical_names_l_korean.yml' and 'localization/korean/japan_historical_names_l_korean.yml'.
[00:41:58][pdx_localize.cpp:199]: Duplicate localization key. Key 'mochiaki' is defined in both 'localization/korean/japan_historical_names_l_korean.yml' and 'localization/korean/japan_historical_names_l_korean.yml'.
[00:41:58][pdx_localize.cpp:199]: Duplicate localization key. Key 'tadakata' is defined in both 'localization/korean/japan_historical_names_l_korean.yml' and 'localization/korean/japan_historical_names_l_korean.yml'.
[00:41:58][pdx_localize.cpp:199]: Duplicate localization key. Key 'nagahiro' is defined in both 'localization/korean/japan_historical_names_l_korean.yml' and 'localization/korean/japan_historical_names_l_korean.yml'.
[00:41:58][pdx_localize.cpp:199]: Duplicate localization key. Key 'naohiro' is defined in both 'localization/korean/japan_historical_names_l_korean.yml' and 'localization/korean/japan_historical_names_l_korean.yml'.
[00:41:58][pdx_localize.cpp:199]: Duplicate localization key. Key 'yoshitaka' is defined in both 'localization/korean/japan_historical_names_l_korean.yml' and 'localization/korean/japan_historical_names_l_korean.yml'.
[00:41:58][pdx_localize.cpp:199]: Duplicate localization key. Key 'yoshikuni' is defined in both 'localization/korean/japan_historical_names_l_korean.yml' and 'localization/korean/japan_historical_names_l_korean.yml'.
[00:41:58][pdx_localize.cpp:199]: Duplicate localization key. Key 'masayoshi' is defined in both 'localization/korean/japan_historical_names_l_korean.yml' and 'localization/korean/japan_historical_names_l_korean.yml'.
[00:41:58][pdx_localize.cpp:199]: Duplicate localization key. Key 'masataka' is defined in both 'localization/korean/japan_historical_names_l_korean.yml' and 'localization/korean/japan_historical_names_l_korean.yml'.
[00:41:58][pdx_localize.cpp:199]: Duplicate localization key. Key 'tadayoshi' is defined in both 'localization/korean/japan_historical_names_l_korean.yml' and 'localization/korean/japan_historical_names_l_korean.yml'.
[00:41:58][pdx_localize.cpp:199]: Duplicate localization key. Key 'tadayoshi' is defined in both 'localization/korean/japan_historical_names_l_korean.yml' and 'localization/korean/japan_historical_names_l_korean.yml'.
[00:41:58][pdx_localize.cpp:199]: Duplicate localization key. Key 'nobuyuki' is defined in both 'localization/korean/japan_historical_names_l_korean.yml' and 'localization/korean/japan_historical_names_l_korean.yml'.
[00:41:58][pdx_localize.cpp:199]: Duplicate localization key. Key 'nagamoto' is defined in both 'localization/korean/japan_historical_names_l_korean.yml' and 'localization/korean/japan_historical_names_l_korean.yml'.
[00:41:58][pdx_localize.cpp:199]: Duplicate localization key. Key 'masahiro' is defined in both 'localization/korean/japan_historical_names_l_korean.yml' and 'localization/korean/japan_historical_names_l_korean.yml'.
[00:41:58][pdx_localize.cpp:199]: Duplicate localization key. Key 'nariyuki' is defined in both 'localization/korean/japan_historical_names_l_korean.yml' and 'localization/korean/japan_historical_names_l_korean.yml'.
[00:41:58][pdx_localize.cpp:199]: Duplicate localization key. Key 'masaru' is defined in both 'localization/korean/japan_historical_names_l_korean.yml' and 'localization/korean/japan_historical_names_l_korean.yml'.
[00:41:58][pdx_localize.cpp:199]: Duplicate localization key. Key 'ijuin' is defined in both 'localization/korean/japan_historical_names_l_korean.yml' and 'localization/korean/japan_historical_names_l_korean.yml'.
[00:41:58][pdx_localize.cpp:199]: Duplicate localization key. Key 'takayuki' is defined in both 'localization/korean/japan_historical_names_l_korean.yml' and 'localization/korean/japan_historical_names_l_korean.yml'.
[00:41:58][pdx_localize.cpp:199]: Duplicate localization key. Key 'sakura' is defined in both 'localization/korean/japan_historical_names_l_korean.yml' and 'localization/korean/japan_historical_names_l_korean.yml'.
[00:41:58][pdx_localize.cpp:199]: Duplicate localization key. Key 'sakuma' is defined in both 'localization/korean/japan_historical_names_l_korean.yml' and 'localization/korean/japan_historical_names_l_korean.yml'.
[00:41:58][pdx_localize.cpp:199]: Duplicate localization key. Key 'tadakatsu' is defined in both 'localization/korean/japan_historical_names_l_korean.yml' and 'localization/korean/japan_historical_names_l_korean.yml'.
[00:41:58][pdx_localize.cpp:199]: Duplicate localization key. Key 'nobunori' is defined in both 'localization/korean/japan_historical_names_l_korean.yml' and 'localization/korean/japan_historical_names_l_korean.yml'.
[00:41:58][pdx_localize.cpp:199]: Duplicate localization key. Key 'kenzo' is defined in both 'localization/korean/japan_historical_names_l_korean.yml' and 'localization/korean/japan_historical_names_l_korean.yml'.
[00:41:58][pdx_localize.cpp:199]: Duplicate localization key. Key 'hotta' is defined in both 'localization/korean/japan_historical_names_l_korean.yml' and 'localization/korean/japan_historical_names_l_korean.yml'.
[00:41:58][pdx_localize.cpp:199]: Duplicate localization key. Key 'masayoshi' is defined in both 'localization/korean/japan_historical_names_l_korean.yml' and 'localization/korean/japan_historical_names_l_korean.yml'.
[00:41:58][pdx_localize.cpp:199]: Duplicate localization key. Key 'katsuyoshi' is defined in both 'localization/korean/japan_historical_names_l_korean.yml' and 'localization/korean/japan_historical_names_l_korean.yml'.
[00:41:58][pdx_localize.cpp:199]: Duplicate localization key. Key 'takamasa' is defined in both 'localization/korean/japan_historical_names_l_korean.yml' and 'localization/korean/japan_historical_names_l_korean.yml'.
[00:41:58][pdx_localize.cpp:199]: Duplicate localization key. Key 'oshima' is defined in both 'localization/korean/japan_historical_names_l_korean.yml' and 'localization/korean/japan_historical_names_l_korean.yml'.
[00:41:58][pdx_localize.cpp:199]: Duplicate localization key. Key 'oba' is defined in both 'localization/korean/japan_historical_names_l_korean.yml' and 'localization/korean/japan_historical_names_l_korean.yml'.
[00:41:58][pdx_localize.cpp:199]: Duplicate localization key. Key 'oki' is defined in both 'localization/korean/japan_historical_names_l_korean.yml' and 'localization/korean/japan_historical_names_l_korean.yml'.
[00:41:58][pdx_localize.cpp:199]: Duplicate localization key. Key 'takatou' is defined in both 'localization/korean/japan_historical_names_l_korean.yml' and 'localization/korean/japan_historical_names_l_korean.yml'.
[00:41:58][pdx_localize.cpp:199]: Duplicate localization key. Key 'gentaro' is defined in both 'localization/korean/japan_historical_names_l_korean.yml' and 'localization/korean/japan_historical_names_l_korean.yml'.
[00:41:58][pdx_localize.cpp:199]: Duplicate localization key. Key 'otsuki' is defined in both 'localization/korean/japan_historical_names_l_korean.yml' and 'localization/korean/japan_historical_names_l_korean.yml'.
[00:41:58][pdx_localize.cpp:199]: Duplicate localization key. Key 'takayuki' is defined in both 'localization/korean/japan_historical_names_l_korean.yml' and 'localization/korean/japan_historical_names_l_korean.yml'.
[00:41:58][pdx_localize.cpp:199]: Duplicate localization key. Key 'yuzuru' is defined in both 'localization/korean/japan_historical_names_l_korean.yml' and 'localization/korean/japan_historical_names_l_korean.yml'.
[00:41:58][pdx_localize.cpp:199]: Duplicate localization key. Key 'chubee' is defined in both 'localization/korean/japan_historical_names_l_korean.yml' and 'localization/korean/japan_historical_names_l_korean.yml'.
[00:41:58][pdx_localize.cpp:199]: Duplicate localization key. Key 'keisuke' is defined in both 'localization/korean/japan_historical_names_l_korean.yml' and 'localization/korean/japan_historical_names_l_korean.yml'.
[00:41:58][pdx_localize.cpp:199]: Duplicate localization key. Key 'hachiro' is defined in both 'localization/korean/japan_historical_names_l_korean.yml' and 'localization/korean/japan_historical_names_l_korean.yml'.
[00:41:58][pdx_localize.cpp:199]: Duplicate localization key. Key 'sadanori' is defined in both 'localization/korean/japan_historical_names_l_korean.yml' and 'localization/korean/japan_historical_names_l_korean.yml'.
[00:41:58][pdx_localize.cpp:199]: Duplicate localization key. Key 'naohiro' is defined in both 'localization/korean/japan_historical_names_l_korean.yml' and 'localization/korean/japan_historical_names_l_korean.yml'.
[00:41:58][pdx_localize.cpp:199]: Duplicate localization key. Key 'munenori' is defined in both 'localization/korean/japan_historical_names_l_korean.yml' and 'localization/korean/japan_historical_names_l_korean.yml'.
[00:41:58][pdx_localize.cpp:199]: Duplicate localization key. Key 'goro' is defined in both 'localization/korean/japan_historical_names_l_korean.yml' and 'localization/korean/japan_historical_names_l_korean.yml'.
[00:41:58][pdx_localize.cpp:199]: Duplicate localization key. Key 'ohara' is defined in both 'localization/korean/japan_historical_names_l_korean.yml' and 'localization/korean/japan_historical_names_l_korean.yml'.
[00:41:58][pdx_localize.cpp:199]: Duplicate localization key. Key 'komatsu' is defined in both 'localization/korean/japan_historical_names_l_korean.yml' and 'localization/korean/japan_historical_names_l_korean.yml'.
[00:41:58][pdx_localize.cpp:199]: Duplicate localization key. Key 'seiji' is defined in both 'localization/korean/japan_historical_names_l_korean.yml' and 'localization/korean/japan_historical_names_l_korean.yml'.
[00:41:58][pdx_localize.cpp:199]: Duplicate localization key. Key 'tadamasa' is defined in both 'localization/korean/japan_historical_names_l_korean.yml' and 'localization/korean/japan_historical_names_l_korean.yml'.
[00:41:58][pdx_localize.cpp:199]: Duplicate localization key. Key 'ogasawara' is defined in both 'localization/korean/japan_historical_names_l_korean.yml' and 'localization/korean/japan_historical_names_l_korean.yml'.
[00:41:58][pdx_localize.cpp:199]: Duplicate localization key. Key 'nagamichi' is defined in both 'localization/korean/japan_historical_names_l_korean.yml' and 'localization/korean/japan_historical_names_l_korean.yml'.
[00:41:58][pdx_localize.cpp:199]: Duplicate localization key. Key 'ozaki' is defined in both 'localization/korean/japan_historical_names_l_korean.yml' and 'localization/korean/japan_historical_names_l_korean.yml'.
[00:41:58][pdx_localize.cpp:199]: Duplicate localization key. Key 'kazuji' is defined in both 'localization/korean/japan_historical_names_l_korean.yml' and 'localization/korean/japan_historical_names_l_korean.yml'.
[00:41:58][pdx_localize.cpp:199]: Duplicate localization key. Key 'kenjiro' is defined in both 'localization/korean/japan_historical_names_l_korean.yml' and 'localization/korean/japan_historical_names_l_korean.yml'.
[00:41:58][pdx_localize.cpp:199]: Duplicate localization key. Key 'hiroshi' is defined in both 'localization/korean/japan_historical_names_l_korean.yml' and 'localization/korean/japan_historical_names_l_korean.yml'.
[00:41:58][pdx_localize.cpp:199]: Duplicate localization key. Key 'yamamoto' is defined in both 'localization/korean/japan_historical_names_l_korean.yml' and 'localization/korean/japan_historical_names_l_korean.yml'.
[00:41:58][pdx_localize.cpp:199]: Duplicate localization key. Key 'oka' is defined in both 'localization/korean/japan_historical_names_l_korean.yml' and 'localization/korean/japan_historical_names_l_korean.yml'.
[00:41:58][pdx_localize.cpp:199]: Duplicate localization key. Key 'okada' is defined in both 'localization/korean/japan_historical_names_l_korean.yml' and 'localization/korean/japan_historical_names_l_korean.yml'.
[00:41:58][pdx_localize.cpp:199]: Duplicate localization key. Key 'okabe' is defined in both 'localization/korean/japan_historical_names_l_korean.yml' and 'localization/korean/japan_historical_names_l_korean.yml'.
[00:41:58][pdx_localize.cpp:199]: Duplicate localization key. Key 'iwao' is defined in both 'localization/korean/japan_historical_names_l_korean.yml' and 'localization/korean/japan_historical_names_l_korean.yml'.
[00:41:58][pdx_localize.cpp:199]: Duplicate localization key. Key 'saburo' is defined in both 'localization/korean/japan_historical_names_l_korean.yml' and 'localization/korean/japan_historical_names_l_korean.yml'.
[00:41:58][pdx_localize.cpp:199]: Duplicate localization key. Key 'shimazu' is defined in both 'localization/korean/japan_historical_names_l_korean.yml' and 'localization/korean/japan_historical_names_l_korean.yml'.
[00:41:58][pdx_localize.cpp:199]: Duplicate localization key. Key 'ichiro' is defined in both 'localization/korean/japan_historical_names_l_korean.yml' and 'localization/korean/japan_historical_names_l_korean.yml'.
[00:41:58][pdx_localize.cpp:199]: Duplicate localization key. Key 'toranosuke' is defined in both 'localization/korean/japan_historical_names_l_korean.yml' and 'localization/korean/japan_historical_names_l_korean.yml'.
[00:41:58][pdx_localize.cpp:199]: Duplicate localization key. Key 'goto' is defined in both 'localization/korean/japan_historical_names_l_korean.yml' and 'localization/korean/japan_historical_names_l_korean.yml'.
[00:41:58][pdx_localize.cpp:199]: Duplicate localization key. Key 'tokugawa' is defined in both 'localization/korean/japan_historical_names_l_korean.yml' and 'localization/korean/japan_historical_names_l_korean.yml'.
[00:41:58][pdx_localize.cpp:199]: Duplicate localization key. Key 'toda' is defined in both 'localization/korean/japan_historical_names_l_korean.yml' and 'localization/korean/japan_historical_names_l_korean.yml'.
[00:41:58][pdx_localize.cpp:199]: Duplicate localization key. Key 'saito' is defined in both 'localization/korean/japan_historical_names_l_korean.yml' and 'localization/korean/japan_historical_names_l_korean.yml'.
[00:41:58][pdx_localize.cpp:199]: Duplicate localization key. Key 'saito' is defined in both 'localization/korean/japan_historical_names_l_korean.yml' and 'localization/korean/japan_historical_names_l_korean.yml'.
[00:41:58][pdx_localize.cpp:199]: Duplicate localization key. Key 'hajime' is defined in both 'localization/korean/japan_historical_names_l_korean.yml' and 'localization/korean/japan_historical_names_l_korean.yml'.
[00:41:58][pdx_localize.cpp:199]: Duplicate localization key. Key 'toshiyuki' is defined in both 'localization/korean/japan_historical_names_l_korean.yml' and 'localization/korean/japan_historical_names_l_korean.yml'.
[00:41:58][pdx_localize.cpp:199]: Duplicate localization key. Key 'taro' is defined in both 'localization/korean/japan_historical_names_l_korean.yml' and 'localization/korean/japan_historical_names_l_korean.yml'.
[00:41:58][pdx_localize.cpp:199]: Duplicate localization key. Key 'kiyoshi' is defined in both 'localization/korean/japan_historical_names_l_korean.yml' and 'localization/korean/japan_historical_names_l_korean.yml'.
[00:41:58][pdx_localize.cpp:199]: Duplicate localization key. Key 'arima' is defined in both 'localization/korean/japan_historical_names_l_korean.yml' and 'localization/korean/japan_historical_names_l_korean.yml'.
[00:41:58][pdx_localize.cpp:199]: Duplicate localization key. Key 'masayoshi' is defined in both 'localization/korean/japan_historical_names_l_korean.yml' and 'localization/korean/japan_historical_names_l_korean.yml'.
[00:41:58][pdx_localize.cpp:199]: Duplicate localization key. Key 'sukeyuki' is defined in both 'localization/korean/japan_historical_names_l_korean.yml' and 'localization/korean/japan_historical_names_l_korean.yml'.
[00:41:58][pdx_localize.cpp:199]: Duplicate localization key. Key 'takayoshi' is defined in both 'localization/korean/japan_historical_names_l_korean.yml' and 'localization/korean/japan_historical_names_l_korean.yml'.
[00:41:58][pdx_localize.cpp:199]: Duplicate localization key. Key 'jutaro' is defined in both 'localization/korean/japan_historical_names_l_korean.yml' and 'localization/korean/japan_historical_names_l_korean.yml'.
[00:41:58][pdx_localize.cpp:199]: Duplicate localization key. Key 'masachika' is defined in both 'localization/korean/japan_historical_names_l_korean.yml' and 'localization/korean/japan_historical_names_l_korean.yml'.
[00:41:58][pdx_localize.cpp:199]: Duplicate localization key. Key 'honda' is defined in both 'localization/korean/japan_historical_names_l_korean.yml' and 'localization/korean/japan_historical_names_l_korean.yml'.
[00:41:58][pdx_localize.cpp:199]: Duplicate localization key. Key 'murakami' is defined in both 'localization/korean/japan_historical_names_l_korean.yml' and 'localization/korean/japan_historical_names_l_korean.yml'.
[00:41:58][pdx_localize.cpp:199]: Duplicate localization key. Key 'hisanari' is defined in both 'localization/korean/japan_historical_names_l_korean.yml' and 'localization/korean/japan_historical_names_l_korean.yml'.
[00:41:58][pdx_localize.cpp:199]: Duplicate localization key. Key 'tokitoshi' is defined in both 'localization/korean/japan_historical_names_l_korean.yml' and 'localization/korean/japan_historical_names_l_korean.yml'.
[00:41:58][pdx_localize.cpp:199]: Duplicate localization key. Key 'gozo' is defined in both 'localization/korean/japan_historical_names_l_korean.yml' and 'localization/korean/japan_historical_names_l_korean.yml'.
[00:41:58][pdx_localize.cpp:199]: Duplicate localization key. Key 'matsudaira' is defined in both 'localization/korean/japan_historical_names_l_korean.yml' and 'localization/korean/japan_historical_names_l_korean.yml'.
[00:41:58][pdx_localize.cpp:199]: Duplicate localization key. Key 'tadakata' is defined in both 'localization/korean/japan_historical_names_l_korean.yml' and 'localization/korean/japan_historical_names_l_korean.yml'.
[00:41:58][pdx_localize.cpp:199]: Duplicate localization key. Key 'matsuda' is defined in both 'localization/korean/japan_historical_names_l_korean.yml' and 'localization/korean/japan_historical_names_l_korean.yml'.
[00:41:58][pdx_localize.cpp:199]: Duplicate localization key. Key 'hayashi' is defined in both 'localization/korean/japan_historical_names_l_korean.yml' and 'localization/korean/japan_historical_names_l_korean.yml'.
[00:41:58][pdx_localize.cpp:199]: Duplicate localization key. Key 'shibata' is defined in both 'localization/korean/japan_historical_names_l_korean.yml' and 'localization/korean/japan_historical_names_l_korean.yml'.
[00:41:58][pdx_localize.cpp:199]: Duplicate localization key. Key 'katsura' is defined in both 'localization/korean/japan_historical_names_l_korean.yml' and 'localization/korean/japan_historical_names_l_korean.yml'.
[00:41:58][pdx_localize.cpp:199]: Duplicate localization key. Key 'shigeru' is defined in both 'localization/korean/japan_historical_names_l_korean.yml' and 'localization/korean/japan_historical_names_l_korean.yml'.
[00:41:58][pdx_localize.cpp:199]: Duplicate localization key. Key 'masataka' is defined in both 'localization/korean/japan_historical_names_l_korean.yml' and 'localization/korean/japan_historical_names_l_korean.yml'.
[00:41:58][pdx_localize.cpp:199]: Duplicate localization key. Key 'sakakibara' is defined in both 'localization/korean/japan_historical_names_l_korean.yml' and 'localization/korean/japan_historical_names_l_korean.yml'.
[00:41:58][pdx_localize.cpp:199]: Duplicate localization key. Key 'kenkichi' is defined in both 'localization/korean/japan_historical_names_l_korean.yml' and 'localization/korean/japan_historical_names_l_korean.yml'.
[00:41:58][pdx_localize.cpp:199]: Duplicate localization key. Key 'masanao' is defined in both 'localization/korean/japan_historical_names_l_korean.yml' and 'localization/korean/japan_historical_names_l_korean.yml'.
[00:41:58][pdx_localize.cpp:199]: Duplicate localization key. Key 'kenzo' is defined in both 'localization/korean/japan_historical_names_l_korean.yml' and 'localization/korean/japan_historical_names_l_korean.yml'.
[00:41:58][pdx_localize.cpp:199]: Duplicate localization key. Key 'hiroshi' is defined in both 'localization/korean/japan_historical_names_l_korean.yml' and 'localization/korean/japan_historical_names_l_korean.yml'.
[00:41:58][pdx_localize.cpp:199]: Duplicate localization key. Key 'mizuno' is defined in both 'localization/korean/japan_historical_names_l_korean.yml' and 'localization/korean/japan_historical_names_l_korean.yml'.
[00:41:58][pdx_localize.cpp:199]: Duplicate localization key. Key 'tadanori' is defined in both 'localization/korean/japan_historical_names_l_korean.yml' and 'localization/korean/japan_historical_names_l_korean.yml'.
[00:41:58][pdx_localize.cpp:199]: Duplicate localization key. Key 'naoyuki' is defined in both 'localization/korean/japan_historical_names_l_korean.yml' and 'localization/korean/japan_historical_names_l_korean.yml'.
[00:41:58][pdx_localize.cpp:199]: Duplicate localization key. Key 'shinpei' is defined in both 'localization/korean/japan_historical_names_l_korean.yml' and 'localization/korean/japan_historical_names_l_korean.yml'.
[00:41:58][pdx_localize.cpp:199]: Duplicate localization key. Key 'ikeda' is defined in both 'localization/korean/japan_historical_names_l_korean.yml' and 'localization/korean/japan_historical_names_l_korean.yml'.
[00:41:58][pdx_localize.cpp:199]: Duplicate localization key. Key 'oki' is defined in both 'localization/korean/japan_historical_names_l_korean.yml' and 'localization/korean/japan_historical_names_l_korean.yml'.
[00:41:58][pdx_localize.cpp:199]: Duplicate localization key. Key 'kawakami' is defined in both 'localization/korean/japan_historical_names_l_korean.yml' and 'localization/korean/japan_historical_names_l_korean.yml'.
[00:41:58][pdx_localize.cpp:199]: Duplicate localization key. Key 'masataka' is defined in both 'localization/korean/japan_historical_names_l_korean.yml' and 'localization/korean/japan_historical_names_l_korean.yml'.
[00:41:58][pdx_localize.cpp:199]: Duplicate localization key. Key 'kono' is defined in both 'localization/korean/japan_historical_names_l_korean.yml' and 'localization/korean/japan_historical_names_l_korean.yml'.
[00:41:58][pdx_localize.cpp:199]: Duplicate localization key. Key 'shiba' is defined in both 'localization/korean/japan_historical_names_l_korean.yml' and 'localization/korean/japan_historical_names_l_korean.yml'.
[00:41:58][pdx_localize.cpp:199]: Duplicate localization key. Key 'masamichi' is defined in both 'localization/korean/japan_historical_names_l_korean.yml' and 'localization/korean/japan_historical_names_l_korean.yml'.
[00:41:58][pdx_localize.cpp:199]: Duplicate localization key. Key 'asano' is defined in both 'localization/korean/japan_historical_names_l_korean.yml' and 'localization/korean/japan_historical_names_l_korean.yml'.
[00:41:58][pdx_localize.cpp:199]: Duplicate localization key. Key 'tadahiro' is defined in both 'localization/korean/japan_historical_names_l_korean.yml' and 'localization/korean/japan_historical_names_l_korean.yml'.
[00:41:58][pdx_localize.cpp:199]: Duplicate localization key. Key 'seiichiro' is defined in both 'localization/korean/japan_historical_names_l_korean.yml' and 'localization/korean/japan_historical_names_l_korean.yml'.
[00:41:58][pdx_localize.cpp:199]: Duplicate localization key. Key 'kiyoshi' is defined in both 'localization/korean/japan_historical_names_l_korean.yml' and 'localization/korean/japan_historical_names_l_korean.yml'.
[00:41:58][pdx_localize.cpp:199]: Duplicate localization key. Key 'watanabe' is defined in both 'localization/korean/japan_historical_names_l_korean.yml' and 'localization/korean/japan_historical_names_l_korean.yml'.
[00:41:58][pdx_localize.cpp:199]: Duplicate localization key. Key 'taki' is defined in both 'localization/korean/japan_historical_names_l_korean.yml' and 'localization/korean/japan_historical_names_l_korean.yml'.
[00:41:58][pdx_localize.cpp:199]: Duplicate localization key. Key 'kataoka' is defined in both 'localization/korean/japan_historical_names_l_korean.yml' and 'localization/korean/japan_historical_names_l_korean.yml'.
[00:41:58][pdx_localize.cpp:199]: Duplicate localization key. Key 'makino' is defined in both 'localization/korean/japan_historical_names_l_korean.yml' and 'localization/korean/japan_historical_names_l_korean.yml'.
[00:41:58][pdx_localize.cpp:199]: Duplicate localization key. Key 'tamaki' is defined in both 'localization/korean/japan_historical_names_l_korean.yml' and 'localization/korean/japan_historical_names_l_korean.yml'.
[00:41:58][pdx_localize.cpp:199]: Duplicate localization key. Key 'tanaka' is defined in both 'localization/korean/japan_historical_names_l_korean.yml' and 'localization/korean/japan_historical_names_l_korean.yml'.
[00:41:58][pdx_localize.cpp:199]: Duplicate localization key. Key 'joun' is defined in both 'localization/korean/japan_historical_names_l_korean.yml' and 'localization/korean/japan_historical_names_l_korean.yml'.
[00:41:58][pdx_localize.cpp:199]: Duplicate localization key. Key 'koga' is defined in both 'localization/korean/japan_historical_names_l_korean.yml' and 'localization/korean/japan_historical_names_l_korean.yml'.
[00:41:58][pdx_localize.cpp:199]: Duplicate localization key. Key 'machida' is defined in both 'localization/korean/japan_historical_names_l_korean.yml' and 'localization/korean/japan_historical_names_l_korean.yml'.
[00:41:58][pdx_localize.cpp:199]: Duplicate localization key. Key 'kosuke' is defined in both 'localization/korean/japan_historical_names_l_korean.yml' and 'localization/korean/japan_historical_names_l_korean.yml'.
[00:41:58][pdx_localize.cpp:199]: Duplicate localization key. Key 'ishii' is defined in both 'localization/korean/japan_historical_names_l_korean.yml' and 'localization/korean/japan_historical_names_l_korean.yml'.
[00:41:58][pdx_localize.cpp:199]: Duplicate localization key. Key 'sennosuke' is defined in both 'localization/korean/japan_historical_names_l_korean.yml' and 'localization/korean/japan_historical_names_l_korean.yml'.
[00:41:58][pdx_localize.cpp:199]: Duplicate localization key. Key 'kojiro' is defined in both 'localization/korean/japan_historical_names_l_korean.yml' and 'localization/korean/japan_historical_names_l_korean.yml'.
[00:41:58][pdx_localize.cpp:199]: Duplicate localization key. Key 'kuranosuke' is defined in both 'localization/korean/japan_historical_names_l_korean.yml' and 'localization/korean/japan_historical_names_l_korean.yml'.
[00:41:58][pdx_localize.cpp:199]: Duplicate localization key. Key 'takachika' is defined in both 'localization/korean/japan_historical_names_l_korean.yml' and 'localization/korean/japan_historical_names_l_korean.yml'.
[00:41:58][pdx_localize.cpp:199]: Duplicate localization key. Key 'kyohei' is defined in both 'localization/korean/japan_historical_names_l_korean.yml' and 'localization/korean/japan_historical_names_l_korean.yml'.
[00:41:58][pdx_localize.cpp:199]: Duplicate localization key. Key 'tsunenori' is defined in both 'localization/korean/japan_historical_names_l_korean.yml' and 'localization/korean/japan_historical_names_l_korean.yml'.
[00:41:58][pdx_localize.cpp:199]: Duplicate localization key. Key 'kubota' is defined in both 'localization/korean/japan_historical_names_l_korean.yml' and 'localization/korean/japan_historical_names_l_korean.yml'.
[00:41:58][pdx_localize.cpp:199]: Duplicate localization key. Key 'kaneyoshi' is defined in both 'localization/korean/japan_historical_names_l_korean.yml' and 'localization/korean/japan_historical_names_l_korean.yml'.
[00:41:58][pdx_localize.cpp:199]: Duplicate localization key. Key 'takenaka' is defined in both 'localization/korean/japan_historical_names_l_korean.yml' and 'localization/korean/japan_historical_names_l_korean.yml'.
[00:41:58][pdx_localize.cpp:199]: Duplicate localization key. Key 'hosokawa' is defined in both 'localization/korean/japan_historical_names_l_korean.yml' and 'localization/korean/japan_historical_names_l_korean.yml'.
[00:41:58][pdx_localize.cpp:199]: Duplicate localization key. Key 'yuki' is defined in both 'localization/korean/japan_historical_names_l_korean.yml' and 'localization/korean/japan_historical_names_l_korean.yml'.
[00:41:58][pdx_localize.cpp:199]: Duplicate localization key. Key 'yoshinao' is defined in both 'localization/korean/japan_historical_names_l_korean.yml' and 'localization/korean/japan_historical_names_l_korean.yml'.
[00:41:58][pdx_localize.cpp:199]: Duplicate localization key. Key 'ogata' is defined in both 'localization/korean/japan_historical_names_l_korean.yml' and 'localization/korean/japan_historical_names_l_korean.yml'.
[00:41:58][pdx_localize.cpp:199]: Duplicate localization key. Key 'masataka' is defined in both 'localization/korean/japan_historical_names_l_korean.yml' and 'localization/korean/japan_historical_names_l_korean.yml'.
[00:41:58][pdx_localize.cpp:199]: Duplicate localization key. Key 'akimasa' is defined in both 'localization/korean/japan_historical_names_l_korean.yml' and 'localization/korean/japan_historical_names_l_korean.yml'.
[00:41:58][pdx_localize.cpp:199]: Duplicate localization key. Key 'arai' is defined in both 'localization/korean/japan_historical_names_l_korean.yml' and 'localization/korean/japan_historical_names_l_korean.yml'.
[00:41:58][pdx_localize.cpp:199]: Duplicate localization key. Key 'ikunosuke' is defined in both 'localization/korean/japan_historical_names_l_korean.yml' and 'localization/korean/japan_historical_names_l_korean.yml'.
[00:41:58][pdx_localize.cpp:199]: Duplicate localization key. Key 'todo' is defined in both 'localization/korean/japan_historical_names_l_korean.yml' and 'localization/korean/japan_historical_names_l_korean.yml'.
[00:41:58][pdx_localize.cpp:199]: Duplicate localization key. Key 'yoshisuke' is defined in both 'localization/korean/japan_historical_names_l_korean.yml' and 'localization/korean/japan_historical_names_l_korean.yml'.
[00:41:58][pdx_localize.cpp:199]: Duplicate localization key. Key 'sadaaki' is defined in both 'localization/korean/japan_historical_names_l_korean.yml' and 'localization/korean/japan_historical_names_l_korean.yml'.
[00:41:58][pdx_localize.cpp:199]: Duplicate localization key. Key 'zusho' is defined in both 'localization/korean/japan_historical_names_l_korean.yml' and 'localization/korean/japan_historical_names_l_korean.yml'.
[00:41:58][pdx_localize.cpp:199]: Duplicate localization key. Key 'tadahiro' is defined in both 'localization/korean/japan_historical_names_l_korean.yml' and 'localization/korean/japan_historical_names_l_korean.yml'.
[00:41:58][pdx_localize.cpp:199]: Duplicate localization key. Key 'michitaka' is defined in both 'localization/korean/japan_historical_names_l_korean.yml' and 'localization/korean/japan_historical_names_l_korean.yml'.
[00:41:58][pdx_localize.cpp:199]: Duplicate localization key. Key 'sakai' is defined in both 'localization/korean/japan_historical_names_l_korean.yml' and 'localization/korean/japan_historical_names_l_korean.yml'.
[00:41:58][pdx_localize.cpp:199]: Duplicate localization key. Key 'yasushi' is defined in both 'localization/korean/japan_historical_names_l_korean.yml' and 'localization/korean/japan_historical_names_l_korean.yml'.
[00:41:58][pdx_localize.cpp:199]: Duplicate localization key. Key 'kentaro' is defined in both 'localization/korean/japan_historical_names_l_korean.yml' and 'localization/korean/japan_historical_names_l_korean.yml'.
[00:41:58][pdx_localize.cpp:199]: Duplicate localization key. Key 'suzuki' is defined in both 'localization/korean/japan_historical_names_l_korean.yml' and 'localization/korean/japan_historical_names_l_korean.yml'.
[00:41:58][pdx_localize.cpp:199]: Duplicate localization key. Key 'yorinori' is defined in both 'localization/korean/japan_historical_names_l_korean.yml' and 'localization/korean/japan_historical_names_l_korean.yml'.
[00:41:58][pdx_localize.cpp:199]: Duplicate localization key. Key 'nabeshima' is defined in both 'localization/korean/japan_historical_names_l_korean.yml' and 'localization/korean/japan_historical_names_l_korean.yml'.
[00:41:58][pdx_localize.cpp:199]: Duplicate localization key. Key 'naoyoshi' is defined in both 'localization/korean/japan_historical_names_l_korean.yml' and 'localization/korean/japan_historical_names_l_korean.yml'.
[00:41:58][pdx_localize.cpp:199]: Duplicate localization key. Key 'nagai' is defined in both 'localization/korean/japan_historical_names_l_korean.yml' and 'localization/korean/japan_historical_names_l_korean.yml'.
[00:41:58][pdx_localize.cpp:199]: Duplicate localization key. Key 'kenkichi' is defined in both 'localization/korean/japan_historical_names_l_korean.yml' and 'localization/korean/japan_historical_names_l_korean.yml'.
[00:41:58][pdx_localize.cpp:199]: Duplicate localization key. Key 'tsukasa' is defined in both 'localization/korean/japan_historical_names_l_korean.yml' and 'localization/korean/japan_historical_names_l_korean.yml'.
[00:41:58][pdx_localize.cpp:199]: Duplicate localization key. Key 'nobuatsu' is defined in both 'localization/korean/japan_historical_names_l_korean.yml' and 'localization/korean/japan_historical_names_l_korean.yml'.
[00:41:58][pdx_localize.cpp:199]: Duplicate localization key. Key 'takayoshi' is defined in both 'localization/korean/japan_historical_names_l_korean.yml' and 'localization/korean/japan_historical_names_l_korean.yml'.
[00:41:58][pdx_localize.cpp:199]: Duplicate localization key. Key 'yoshiro' is defined in both 'localization/korean/japan_historical_names_l_korean.yml' and 'localization/korean/japan_historical_names_l_korean.yml'.
[00:41:58][pdx_localize.cpp:199]: Duplicate localization key. Key 'masahiro' is defined in both 'localization/korean/japan_historical_names_l_korean.yml' and 'localization/korean/japan_historical_names_l_korean.yml'.
[00:41:58][pdx_localize.cpp:199]: Duplicate localization key. Key 'tatsuo' is defined in both 'localization/korean/japan_historical_names_l_korean.yml' and 'localization/korean/japan_historical_names_l_korean.yml'.
[00:41:58][pdx_localize.cpp:199]: Duplicate localization key. Key 'aoyama' is defined in both 'localization/korean/japan_historical_names_l_korean.yml' and 'localization/korean/japan_historical_names_l_korean.yml'.
[00:41:58][pdx_localize.cpp:199]: Duplicate localization key. Key 'tadasu' is defined in both 'localization/korean/japan_historical_names_l_korean.yml' and 'localization/korean/japan_historical_names_l_korean.yml'.
[00:41:58][pdx_localize.cpp:199]: Duplicate localization key. Key 'shuzo' is defined in both 'localization/korean/japan_historical_names_l_korean.yml' and 'localization/korean/japan_historical_names_l_korean.yml'.
[00:41:58][pdx_localize.cpp:199]: Duplicate localization key. Key 'takahashi' is defined in both 'localization/korean/japan_historical_names_l_korean.yml' and 'localization/korean/japan_historical_names_l_korean.yml'.
[00:41:58][pdx_localize.cpp:199]: Duplicate localization key. Key 'masamichi' is defined in both 'localization/korean/japan_historical_names_l_korean.yml' and 'localization/korean/japan_historical_names_l_korean.yml'.
[00:41:58][pdx_localize.cpp:199]: Duplicate localization key. Key 'tamemoto' is defined in both 'localization/korean/japan_historical_names_l_korean.yml' and 'localization/korean/japan_historical_names_l_korean.yml'.
[00:41:58][pdx_localize.cpp:199]: Duplicate localization key. Key 'kuroda' is defined in both 'localization/korean/japan_historical_names_l_korean.yml' and 'localization/korean/japan_historical_names_l_korean.yml'.
[00:41:58][pdx_localize.cpp:199]: Duplicate localization key. Key 'meiji.13.t' is defined in both 'localization/korean/content_1_l_korean.yml' and 'localization/korean/unused/kurofune_l_korean.yml'.
[00:41:58][pdx_localize.cpp:199]: Duplicate localization key. Key 'meiji.13.d' is defined in both 'localization/korean/content_1_l_korean.yml' and 'localization/korean/unused/kurofune_l_korean.yml'.
[00:41:58][pdx_localize.cpp:199]: Duplicate localization key. Key 'meiji.13.f' is defined in both 'localization/korean/content_1_l_korean.yml' and 'localization/korean/unused/kurofune_l_korean.yml'.
[00:41:58][pdx_localize.cpp:199]: Duplicate localization key. Key 'meiji.13.a' is defined in both 'localization/korean/content_1_l_korean.yml' and 'localization/korean/unused/kurofune_l_korean.yml'.
[00:41:58][pdx_localize.cpp:199]: Duplicate localization key. Key 'meiji.14.t' is defined in both 'localization/korean/ep2_sakoku_l_korean.yml' and 'localization/korean/unused/kurofune_l_korean.yml'.
[00:41:58][pdx_localize.cpp:199]: Duplicate localization key. Key 'meiji.14.d' is defined in both 'localization/korean/ep2_sakoku_l_korean.yml' and 'localization/korean/unused/kurofune_l_korean.yml'.
[00:41:58][pdx_localize.cpp:199]: Duplicate localization key. Key 'meiji.14.f' is defined in both 'localization/korean/ep2_sakoku_l_korean.yml' and 'localization/korean/unused/kurofune_l_korean.yml'.
[00:41:58][pdx_localize.cpp:199]: Duplicate localization key. Key 'meiji.14.a' is defined in both 'localization/korean/ep2_sakoku_l_korean.yml' and 'localization/korean/unused/kurofune_l_korean.yml'.
[00:41:59][pdxassetutil.cpp:1715]: Duplicate texture 'male_outfit_korean_imperial_02_masks.dds' found (current path 'gfx/models/portraits/attachments/male_outfits/korean/imperial_02/male_outfit_korean_imperial_02_masks.dds', previous path 'gfx/models/portraits/attachments/male_outfits/korean/daewongun/male_outfit_korean_imperial_02_masks.dds')
[00:41:59][pdxassetutil.cpp:1715]: Duplicate texture 'male_outfit_korean_imperial_02_normal.dds' found (current path 'gfx/models/portraits/attachments/male_outfits/korean/imperial_02/male_outfit_korean_imperial_02_normal.dds', previous path 'gfx/models/portraits/attachments/male_outfits/korean/daewongun/male_outfit_korean_imperial_02_normal.dds')
[00:42:02][pdx_gui_localize.cpp:182]: Unlocalized text '#v [State.GetName]#!' at gui/custom_tooltip.gui:8801, either localize it or use the raw_text property instead of text
[00:42:03][pdx_gui_localize.cpp:182]: Unlocalized text 'je_eastasian_expansionism_country_owns_entire_strategic_region_tt' at gui/eafp_eastasian_expansionism.gui:33, either localize it or use the raw_text property instead of text
[00:42:03][pdx_gui_localize.cpp:182]: Unlocalized text 'je_eastasian_expansionism_country_or_subject_owns_entire_strategic_region_tt' at gui/eafp_eastasian_expansionism.gui:81, either localize it or use the raw_text property instead of text
[00:42:04][pdx_gui_localize.cpp:182]: Unlocalized text 'INTEREST_TIER_MARKER_STRATEGIC_REGION' at gui/map_markers.gui:1008, either localize it or use the raw_text property instead of text
[00:42:04][pdx_gui_localize.cpp:182]: Unlocalized text 'FLEET_NO_INTERCEPT_TARGETS' at gui/military_formation_panel.gui:2286, either localize it or use the raw_text property instead of text
[00:42:07][pdx_gui_localize.cpp:182]: Unlocalized text '#color:{0.5,0.8,1.0} [Localize('character_role_kor_grand_empress_dowager_title')]#!' at gui/journal_entry_widgets/eafp_je_korean_regent_widgets.gui:147, either localize it or use the raw_text property instead of text
[00:42:07][pdx_gui_localize.cpp:182]: Unlocalized text '#color:{0.5,0.8,1.0} [Localize('head_of_sedo_family')]#!' at gui/journal_entry_widgets/eafp_je_sedo_politics_widgets.gui:281, either localize it or use the raw_text property instead of text
[00:42:24][virtualfilesystem.cpp:569]: Could not find texture due to 'VFSOpen Error: gfx/models/portraits/attachments/male_headgear/korean_lia/05/Image_1.png not found'
[00:42:34][pdxassetutil.cpp:983]: Failed to create material with shader PdxMeshStandard (in gfx/FX/pdxmesh.shader) for mesh [object2Shape] in gfx/models/buildings/wonders/wonder_edojo.mesh
[00:42:34][pdxassetutil.cpp:1806]: pdxmesh [wonder_edojo_mesh] is out of sync with its meshsettings. [objec2Shape] is not in use in file: gfx/models/buildings/wonders/wonder_edojo.mesh
[00:42:34][pdxmeshtype.cpp:221]: gfx/models/buildings/wonders/wonder_edojo.mesh : has fewer LOD meshes than expected!
[00:42:34][pdxassetutil.cpp:983]: Failed to create material with shader  (in gfx/FX/pdxmesh.shader) for mesh [LOD_0_decal_01_decal_01Shape] in gfx/models/buildings/wonders/gyeongbokgung_01/wonder_gyeongbokgung_01.mesh
[00:42:34][pdxmeshtype.cpp:221]: gfx/models/buildings/wonders/gyeongbokgung_01/wonder_gyeongbokgung_01.mesh : has fewer LOD meshes than expected!
[00:42:35][pdxassetutil.cpp:983]: Failed to create material with shader  (in gfx/FX/pdxmesh.shader) for mesh [LOD_0_decal_01_decal_01Shape] in gfx/models/buildings/wonders/gyeongbokgung_01/wonder_gyeongbokgung_01.mesh
[00:42:35][pdxmeshtype.cpp:221]: gfx/models/buildings/wonders/gyeongbokgung_01/wonder_gyeongbokgung_01.mesh : has fewer LOD meshes than expected!
[00:42:38][lexer.cpp:285]: File 'common/scripted_effects/eafp_joseon_qing_war_effects.txt' should be in utf8-bom encoding (will try to use it anyways)
[00:42:38][lexer.cpp:285]: File 'common/scripted_guis/eafp_joseon_qing_war_sgui.txt' should be in utf8-bom encoding (will try to use it anyways)
[00:42:40][lexer.cpp:285]: File 'common/static_modifiers/eafp_joseon_qing_war_modifiers.txt' should be in utf8-bom encoding (will try to use it anyways)
[00:42:40][lexer.cpp:285]: File 'common/static_modifiers/eafp_mongolia_modifiers.txt' should be in utf8-bom encoding (will try to use it anyways)
[00:42:40][pdx_persistent_reader.cpp:268]: Error: "Unknown modifier type: country_max_declared_interests_add. It is either invalid, or a potential dynamic modifier type definition missing from the database.: country_max_declared_interests_add, near line: 14" in file: "common/static_modifiers/EAFP_japan_modifiers.txt" near line: 14
[00:42:40][pdx_persistent_reader.cpp:268]: Error: "Unknown modifier type: country_law_enactment_time_mult. It is either invalid, or a potential dynamic modifier type definition missing from the database.: country_law_enactment_time_mult, near line: 287" in file: "common/static_modifiers/EAFP_japan_modifiers.txt" near line: 287
[00:42:40][pdx_persistent_reader.cpp:268]: Error: "Unknown modifier type: state_pop_support_eafp_movement_sonno_joi_mult. It is either invalid, or a potential dynamic modifier type definition missing from the database.: state_pop_support_eafp_movement_sonno_joi_mult, near line: 502" in file: "common/static_modifiers/EAFP_japan_modifiers.txt" near line: 502
[00:42:40][pdx_persistent_reader.cpp:268]: Error: "Unknown modifier type: country_convoys_capacity_mult. It is either invalid, or a potential dynamic modifier type definition missing from the database.: country_convoys_capacity_mult, near line: 604" in file: "common/static_modifiers/EAFP_japan_modifiers.txt" near line: 604
[00:42:40][pdx_persistent_reader.cpp:268]: Error: "Unknown modifier type: country_law_enactment_time_mult. It is either invalid, or a potential dynamic modifier type definition missing from the database.: country_law_enactment_time_mult, near line: 621" in file: "common/static_modifiers/EAFP_japan_modifiers.txt" near line: 621
[00:42:40][pdx_persistent_reader.cpp:268]: Error: "Unknown modifier type: country_law_enactment_time_mult. It is either invalid, or a potential dynamic modifier type definition missing from the database.: country_law_enactment_time_mult, near line: 26" in file: "common/static_modifiers/donghak_modifiers.txt" near line: 26
[00:42:40][pdx_persistent_reader.cpp:268]: Error: "Unknown modifier type: country_law_enactment_time_mult. It is either invalid, or a potential dynamic modifier type definition missing from the database.: country_law_enactment_time_mult, near line: 4" in file: "common/static_modifiers/eafp_korea_rework_modi.txt" near line: 4
[00:42:40][pdx_persistent_reader.cpp:268]: Error: "Unknown modifier type: country_radicals_from_political_movements_mult. It is either invalid, or a potential dynamic modifier type definition missing from the database.: country_radicals_from_political_movements_mult, near line: 135" in file: "common/static_modifiers/eafp_korea_rework_modi.txt" near line: 135
[00:42:40][pdx_persistent_reader.cpp:268]: Error: "Unknown modifier type: ig_approval_add. It is either invalid, or a potential dynamic modifier type definition missing from the database.: ig_approval_add, near line: 164" in file: "common/static_modifiers/eafp_korean_reformation_modifiers.txt" near line: 164
[00:42:40][pdx_persistent_reader.cpp:268]: Error: "Unknown modifier type: country_law_enactment_time_mult. It is either invalid, or a potential dynamic modifier type definition missing from the database.: country_law_enactment_time_mult, near line: 177" in file: "common/static_modifiers/eafp_korean_reformation_modifiers.txt" near line: 177
[00:42:40][pdx_persistent_reader.cpp:268]: Error: "Unknown modifier type: unit_army_morale_mult. It is either invalid, or a potential dynamic modifier type definition missing from the database.: unit_army_morale_mult, near line: 461" in file: "common/static_modifiers/eafp_korean_reformation_modifiers.txt" near line: 461
[00:42:40][pdx_persistent_reader.cpp:268]: Error: "Unknown modifier type: building_group_bg_light_industry_mortality_mult. It is either invalid, or a potential dynamic modifier type definition missing from the database.: building_group_bg_light_industry_mortality_mult, near line: 150" in file: "common/static_modifiers/eafp_mongolia_modifiers.txt" near line: 150
[00:42:40][pdx_persistent_reader.cpp:268]: Error: "Unknown modifier type: building_group_bg_light_industry_employee_mult. It is either invalid, or a potential dynamic modifier type definition missing from the database.: building_group_bg_light_industry_employee_mult, near line: 205" in file: "common/static_modifiers/eafp_mongolia_modifiers.txt" near line: 205
[00:42:40][pdx_assert.cpp:641]: Assertion failed: Exceeding maximum amount of Prestige Goods per Goods for porcelain (3)
[00:42:40][lexer.cpp:285]: File 'common/laws/eafp_governance_principles.txt' should be in utf8-bom encoding (will try to use it anyways)
[00:42:43][jomini_effect.cpp:753]: Inconsistent effect scopes (state vs. state_region) incommon/scripted_effects/eafp_china_effects.txt:341
[00:42:43][jomini_effect.cpp:753]: Inconsistent effect scopes (state vs. state_region) incommon/scripted_effects/eafp_china_effects.txt:385
[00:42:43][jomini_effect.cpp:753]: Inconsistent effect scopes (state vs. state_region) incommon/scripted_effects/eafp_china_effects.txt:418
[00:42:43][jomini_effect.cpp:753]: Inconsistent effect scopes (state vs. state_region) incommon/scripted_effects/eafp_china_effects.txt:473
[00:42:43][jomini_effect.cpp:753]: Inconsistent effect scopes (state vs. state_region) incommon/scripted_effects/eafp_china_effects.txt:500
[00:42:43][jomini_effect.cpp:753]: Inconsistent effect scopes (state vs. state_region) incommon/scripted_effects/eafp_china_effects.txt:547
[00:42:43][jomini_effect.cpp:753]: Inconsistent effect scopes (state vs. state_region) incommon/scripted_effects/eafp_china_effects.txt:574
[00:42:43][jomini_effect.cpp:753]: Inconsistent effect scopes (state vs. state_region) incommon/scripted_effects/eafp_china_effects.txt:601
[00:42:43][jomini_effect.cpp:753]: Inconsistent effect scopes (state vs. state_region) incommon/scripted_effects/eafp_china_effects.txt:626
[00:42:43][jomini_effect.cpp:753]: Inconsistent effect scopes (state vs. state_region) incommon/scripted_effects/eafp_china_effects.txt:653
[00:42:43][jomini_effect.cpp:753]: Inconsistent effect scopes (state vs. state_region) incommon/scripted_effects/eafp_china_effects.txt:680
[00:42:43][jomini_effect.cpp:753]: Inconsistent effect scopes (state vs. state_region) incommon/scripted_effects/eafp_china_effects.txt:726
[00:42:43][jomini_effect.cpp:753]: Inconsistent effect scopes (state vs. state_region) incommon/scripted_effects/eafp_china_effects.txt:760
[00:42:43][jomini_effect.cpp:753]: Inconsistent effect scopes (state vs. state_region) incommon/scripted_effects/eafp_china_effects.txt:791
[00:42:43][jomini_effect.cpp:753]: Inconsistent effect scopes (state vs. state_region) incommon/scripted_effects/eafp_china_effects.txt:810
[00:42:43][jomini_effect.cpp:753]: Inconsistent effect scopes (state vs. state_region) incommon/scripted_effects/eafp_china_effects.txt:837
[00:42:43][jomini_effect.cpp:753]: Inconsistent effect scopes (state vs. state_region) incommon/scripted_effects/eafp_china_effects.txt:864
[00:42:43][jomini_effect.cpp:753]: Inconsistent effect scopes (state vs. state_region) incommon/scripted_effects/eafp_china_effects.txt:891
[00:42:43][jomini_effect.cpp:753]: Inconsistent effect scopes (state vs. state_region) incommon/scripted_effects/eafp_china_effects.txt:924
[00:42:43][jomini_effect.cpp:753]: Inconsistent effect scopes (state vs. state_region) incommon/scripted_effects/eafp_china_effects.txt:951
[00:42:43][jomini_effect.cpp:753]: Inconsistent effect scopes (state vs. state_region) incommon/scripted_effects/eafp_china_effects.txt:978
[00:42:43][jomini_effect.cpp:753]: Inconsistent effect scopes (state vs. state_region) incommon/scripted_effects/eafp_china_effects.txt:1005
[00:42:43][jomini_effect.cpp:753]: Inconsistent effect scopes (state vs. state_region) incommon/scripted_effects/eafp_china_effects.txt:1032
[00:42:43][jomini_effect.cpp:753]: Inconsistent effect scopes (state vs. state_region) incommon/scripted_effects/eafp_china_effects.txt:1051
[00:42:43][jomini_mapobject_database.cpp:894]: could not find pdxmesh object with key [european_province_farm_01_nobillboards_mesh]. gfx/map/map_object_data/generated/european_dynamic_farmland_objects_generator_1.txt:7
[00:42:44][virtualfilesystem.cpp:569]: Could not find texture due to 'VFSOpen Error: gfx/interface/icons/religion_icons/nihilist.dds not found'
[00:42:45][jomini_dynamicdescription.cpp:29]: There should be only one special desc. common/parties/eafp_parties.txt:2
[00:42:45][jomini_dynamicdescription.cpp:29]: There should be only one special desc. common/parties/eafp_parties.txt:15
[00:42:45][jomini_dynamicdescription.cpp:29]: There should be only one special desc. common/parties/eafp_parties.txt:28
[00:42:45][jomini_dynamicdescription.cpp:29]: There should be only one special desc. common/parties/eafp_parties.txt:47
[00:42:45][jomini_dynamicdescription.cpp:29]: There should be only one special desc. common/parties/eafp_parties.txt:61
[00:42:45][jomini_dynamicdescription.cpp:29]: There should be only one special desc. common/parties/eafp_parties.txt:74
[00:42:45][jomini_dynamicdescription.cpp:29]: There should be only one special desc. common/parties/eafp_parties.txt:87
[00:42:45][jomini_dynamicdescription.cpp:29]: There should be only one special desc. common/parties/eafp_parties.txt:101
[00:42:45][jomini_dynamicdescription.cpp:29]: There should be only one special desc. common/parties/eafp_parties.txt:115
[00:42:45][jomini_dynamicdescription.cpp:29]: There should be only one special desc. common/parties/eafp_parties.txt:128
[00:42:45][jomini_dynamicdescription.cpp:29]: There should be only one special desc. common/parties/eafp_parties.txt:141
[00:42:45][jomini_dynamicdescription.cpp:67]: Unrecognized loc key Debug Event 3. events/eafp_debug.txt:105
[00:42:45][jomini_dynamicdescription.cpp:67]: Unrecognized loc key This is a debug event for testing purposes.. events/eafp_debug.txt:106
[00:42:45][jomini_dynamicdescription.cpp:67]: Unrecognized loc key Option 1. CEventOptionDesc:139
[00:42:45][pdx_persistent_reader.cpp:268]: Error: "Unknown trigger type: has_port, near line: 1294" in file: "events/meiji_restoration.txt" near line: 1295
[00:42:45][pdx_persistent_reader.cpp:268]: Error: "Unknown trigger type: has_port, near line: 1313" in file: "events/meiji_restoration.txt" near line: 1313
[00:42:45][pdx_persistent_reader.cpp:268]: Error: "Unknown trigger type: has_port, near line: 7604" in file: "events/eafp_jap_events/eafp_japan.txt" near line: 7607
[00:42:45][pdx_persistent_reader.cpp:268]: Error: "Unknown trigger type: has_port, near line: 7623" in file: "events/eafp_jap_events/eafp_japan.txt" near line: 7626
[00:42:45][pdx_persistent_reader.cpp:268]: Error: "Unknown trigger type: has_port, near line: 7830" in file: "events/eafp_jap_events/eafp_japan.txt" near line: 7833
[00:42:45][pdx_persistent_reader.cpp:268]: Error: "Unknown trigger type: has_port, near line: 7849" in file: "events/eafp_jap_events/eafp_japan.txt" near line: 7852
[00:42:45][pdx_persistent_reader.cpp:268]: Error: "Unknown trigger type: has_port, near line: 7924" in file: "events/eafp_jap_events/eafp_japan.txt" near line: 7927
[00:42:45][pdx_persistent_reader.cpp:268]: Error: "Unknown trigger type: has_port, near line: 7943" in file: "events/eafp_jap_events/eafp_japan.txt" near line: 7946
[00:42:45][jomini_dynamicdescription.cpp:67]: Unrecognized loc key karafuto_events.1.t. events/eafp_jap_events/eafp_karafuto_events.txt:7
[00:42:45][jomini_dynamicdescription.cpp:67]: Unrecognized loc key karafuto_events.1.d. events/eafp_jap_events/eafp_karafuto_events.txt:8
[00:42:45][jomini_dynamicdescription.cpp:67]: Unrecognized loc key karafuto_events.1.f. events/eafp_jap_events/eafp_karafuto_events.txt:9
[00:42:45][jomini_dynamicdescription.cpp:67]: Unrecognized loc key karafuto_events.1.a. CEventOptionDesc:139
[00:42:45][jomini_dynamicdescription.cpp:67]: Unrecognized loc key zaibatsu_events.3.a. CEventOptionDesc:139
[00:42:45][jomini_dynamicdescription.cpp:67]: Unrecognized loc key zaibatsu_events.4.a. CEventOptionDesc:139
[00:42:45][jomini_effect.cpp:542]: Unknown effect every_scope_state_in_dongbei at events/eafp_kor_events/eafp_kor_manchuria_events.txt:76
[00:42:45][lexer.cpp:285]: File 'events/eafp_mgl_events/eafp_mongolia_politics.txt' should be in utf8-bom encoding (will try to use it anyways)
[00:42:45][pdx_persistent_reader.cpp:268]: Error: "Unknown trigger type: relations:c:MGL, near line: 407" in file: "events/eafp_mgl_events/eafp_mongolia_politics.txt" near line: 407
[00:42:45][jomini_eventtarget.cpp:694]: Failed to find a valid event target link 'infamy_value:infamous' at events/eafp_mgl_events/eafp_mongolia_politics.txt:413
[00:42:45][jomini_eventtarget.cpp:694]: Failed to find a valid event target link 'infamy_value:infamous' at events/eafp_mgl_events/eafp_mongolia_politics.txt:466
[00:42:45][jomini_eventmanager.cpp:440]: Duplicated event ID 'regency.1' found. New Location: 'events/00_com_regency_event_blocker.txt:7', Previous Location: 'events/iberia_events/regency_events.txt:4'
[00:42:45][character_templates_utils.cpp:1795]: Missing localization key for character first name eikichi, reverting to random name
[00:42:45][character_templates_utils.cpp:1795]: Missing localization key for character first name tadakuni, reverting to random name
[00:42:45][character_templates_utils.cpp:1795]: Missing localization key for character first name tadakuni, reverting to random name
[00:42:45][character_templates_utils.cpp:1795]: Missing localization key for character first name tadaakira, reverting to random name
[00:42:45][character_templates_utils.cpp:1814]: Missing localization key for character last name so, reverting to random name
[00:42:45][character_templates_utils.cpp:1814]: Missing localization key for character last name so, reverting to random name
[00:42:45][character_templates_utils.cpp:1814]: Missing localization key for character last name so, reverting to random name
[00:42:45][character_templates_utils.cpp:1814]: Missing localization key for character last name hijikata, reverting to random name
[00:42:45][pdx_persistent_reader.cpp:268]: Error: "Wrong type parsed in create_character effect: =, near line: 10550" in file: "common/character_templates/EAFP_japan_character_templates.txt" near line: 10550
[00:42:45][character_templates_utils.cpp:1795]: Missing localization key for character first name shodo, reverting to random name
[00:42:45][character_templates_utils.cpp:1795]: Missing localization key for character first name tadaakira, reverting to random name
[00:42:45][character_templates_utils.cpp:1795]: Missing localization key for character first name shodo, reverting to random name
[00:42:45][character_templates_utils.cpp:1795]: Missing localization key for character first name eikichi, reverting to random name
[00:42:45][jomini_onaction.cpp:124]: There is more than one 'effect' defined using most recent:common/on_actions/cmf_heir_blocker.txt:4
[00:42:45][jomini_onaction.cpp:124]: There is more than one 'effect' defined using most recent:common/on_actions/com_formation_event_blocker.txt:4
[00:42:46][lexer.cpp:285]: File 'common/scripted_buttons/eafp_chinese_interregnum_buttons.txt' should be in utf8-bom encoding (will try to use it anyways)
[00:42:46][jomini_effect.cpp:542]: Unknown effect random_scope_state_in_dongbei at common/scripted_buttons/eafp_kor_manchuria_buttons.txt:28
[00:42:46][jomini_effect.cpp:542]: Unknown effect every_scope_state_in_dongbei at common/scripted_buttons/eafp_kor_manchuria_buttons.txt:110
[00:42:46][jomini_dynamicdescription.cpp:67]: Unrecognized loc key eafp_scripted_button_gando_ambition_gando_acquisition. common/scripted_buttons/eafp_korean_reformation_buttons.txt:183
[00:42:46][jomini_dynamicdescription.cpp:67]: Unrecognized loc key eafp_scripted_button_gando_ambition_gando_acquisition_desc. common/scripted_buttons/eafp_korean_reformation_buttons.txt:184
[00:42:46][jomini_dynamicdescription.cpp:67]: Unrecognized loc key formosa_survey_progress_bar. common/scripted_progress_bars/eafp_formosa_expedition_progress_bars.txt:2
[00:42:46][jomini_dynamicdescription.cpp:67]: Unrecognized loc key formosa_survey_progress_bar_desc. common/scripted_progress_bars/eafp_formosa_expedition_progress_bars.txt:3
[00:42:46][jomini_dynamicdescription.cpp:67]: Unrecognized loc key new_culture_movement_progress_bar. common/scripted_progress_bars/eafp_new_culture_movement_progress_bars.txt:2
[00:42:46][jomini_dynamicdescription.cpp:67]: Unrecognized loc key new_culture_movement_progress_bar_desc. common/scripted_progress_bars/eafp_new_culture_movement_progress_bars.txt:3
[00:42:46][lexer.cpp:285]: File 'common/journal_entries/eafp_mongolia_journal_entries.txt' should be in utf8-bom encoding (will try to use it anyways)
[00:42:46][gamedatabase.h:378]: Duplicated key je_ryukyu_rivalry will not be created from file: common/journal_entries/eafp_01_ryukyu_rivalry.txt:1
[00:42:46][journal_entry_type.cpp:63]: Failed to read key reference je_group_bakuhantaisei from database common/journal_entries/eafp_japan.txt:9
[00:42:46][journal_entry_type.cpp:63]: Failed to read key reference je_group_bakuhantaisei from database common/journal_entries/eafp_japan.txt:252
[00:42:46][journal_entry_type.cpp:63]: Failed to read key reference je_group_bakuhantaisei from database common/journal_entries/eafp_japan.txt:319
[00:42:46][journal_entry_type.cpp:63]: Failed to read key reference je_group_bakuhantaisei from database common/journal_entries/eafp_japan.txt:387
[00:42:46][journal_entry_type.cpp:63]: Failed to read key reference je_group_bakuhantaisei from database common/journal_entries/eafp_japan.txt:455
[00:42:46][journal_entry_type.cpp:63]: Failed to read key reference je_group_bakuhantaisei from database common/journal_entries/eafp_japan.txt:523
[00:42:46][journal_entry_type.cpp:63]: Failed to read key reference je_group_bakuhantaisei from database common/journal_entries/eafp_japan.txt:591
[00:42:46][journal_entry_type.cpp:63]: Failed to read key reference je_group_bakuhantaisei from database common/journal_entries/eafp_japan.txt:659
[00:42:46][gamedatabase.h:378]: Duplicated key je_zaibatsu will not be created from file: common/journal_entries/eafp_japan.txt:2168
[00:42:46][jomini_effect.cpp:542]: Unknown effect every_scope_state_in_dongbei at common/journal_entries/eafp_kor_manchuria_management.txt:114
[00:42:46][jomini_effect.cpp:753]: Inconsistent effect scopes (country vs. journal_entry) incommon/journal_entries/eafp_taiping_administration.txt:112
[00:42:46][pdx_persistent_reader.cpp:268]: Error: "Unknown trigger type: relations:c:KOR, near line: 85" in file: "common/journal_entries/eafp_taiwan_journal.txt" near line: 86
[00:42:46][gamedatabase.h:395]: You are trying to inject/replace to a non-existing entry: je_terakoya:Replace in the file common/journal_entries/eafp_00_meiji_restoration.txt:3
[00:42:46][pdx_persistent_reader.cpp:268]: Error: "Trigger section already read earlier: potential, near line: 16" in file: "common/character_interactions/eafp_character_interactions.txt" near line: 28
[00:42:47][gamedatabase.h:378]: Duplicated key company_sumitomo will not be created from file: common/company_types/eafp_companies_japan.txt:371
[00:42:47][company_type.cpp:101]: Invalid building type 'building_military_shipyard'
[00:42:48][character_traits.cpp:256]: Character Trait is missing loc key! Trait: kor_hwan_slot_1
[00:42:48][character_traits.cpp:256]: Character Trait is missing loc key! Trait: kor_hwan_slot_2
[00:42:48][character_traits.cpp:256]: Character Trait is missing loc key! Trait: kor_hwan_slot_3
[00:42:48][character_traits.cpp:256]: Character Trait is missing loc key! Trait: kor_hwan_slot_4
[00:42:48][character_traits.cpp:256]: Character Trait is missing loc key! Trait: kor_hwan_slot_5
[00:42:48][character_traits.cpp:256]: Character Trait is missing loc key! Trait: kor_hwan_slot_6
[00:42:48][journal_entry_type.cpp:219]: Journal Entry Type je_bakuhantaisei need to belong to a group!
[00:42:48][journal_entry_type.cpp:328]: JE je_bakuhantaisei is contextless but has no should_be_involved trigger, this will make every country in the world involved and should not be done. perhaps you meant it to be country context in journal_entry_groups?
[00:42:48][journal_entry_type.cpp:219]: Journal Entry Type je_bakuhantaisei_TOHOKU need to belong to a group!
[00:42:48][journal_entry_type.cpp:328]: JE je_bakuhantaisei_TOHOKU is contextless but has no should_be_involved trigger, this will make every country in the world involved and should not be done. perhaps you meant it to be country context in journal_entry_groups?
[00:42:48][journal_entry_type.cpp:219]: Journal Entry Type je_bakuhantaisei_KANTO need to belong to a group!
[00:42:48][journal_entry_type.cpp:328]: JE je_bakuhantaisei_KANTO is contextless but has no should_be_involved trigger, this will make every country in the world involved and should not be done. perhaps you meant it to be country context in journal_entry_groups?
[00:42:48][journal_entry_type.cpp:219]: Journal Entry Type je_bakuhantaisei_CHUBU need to belong to a group!
[00:42:48][journal_entry_type.cpp:328]: JE je_bakuhantaisei_CHUBU is contextless but has no should_be_involved trigger, this will make every country in the world involved and should not be done. perhaps you meant it to be country context in journal_entry_groups?
[00:42:48][journal_entry_type.cpp:219]: Journal Entry Type je_bakuhantaisei_KANSAI need to belong to a group!
[00:42:48][journal_entry_type.cpp:328]: JE je_bakuhantaisei_KANSAI is contextless but has no should_be_involved trigger, this will make every country in the world involved and should not be done. perhaps you meant it to be country context in journal_entry_groups?
[00:42:48][journal_entry_type.cpp:219]: Journal Entry Type je_bakuhantaisei_KYUSHU need to belong to a group!
[00:42:48][journal_entry_type.cpp:328]: JE je_bakuhantaisei_KYUSHU is contextless but has no should_be_involved trigger, this will make every country in the world involved and should not be done. perhaps you meant it to be country context in journal_entry_groups?
[00:42:48][journal_entry_type.cpp:219]: Journal Entry Type je_bakuhantaisei_CHUGOKU need to belong to a group!
[00:42:48][journal_entry_type.cpp:328]: JE je_bakuhantaisei_CHUGOKU is contextless but has no should_be_involved trigger, this will make every country in the world involved and should not be done. perhaps you meant it to be country context in journal_entry_groups?
[00:42:48][journal_entry_type.cpp:219]: Journal Entry Type je_bakuhantaisei_SHIKOKU need to belong to a group!
[00:42:48][journal_entry_type.cpp:328]: JE je_bakuhantaisei_SHIKOKU is contextless but has no should_be_involved trigger, this will make every country in the world involved and should not be done. perhaps you meant it to be country context in journal_entry_groups?
[00:42:48][journal_entry_type.cpp:471]: Journal entry is missing loc for je_meiji_restoration_goal
[00:42:48][journal_entry_type.cpp:471]: Journal entry is missing loc for je_chinese_missions_goal
[00:42:48][journal_entry_type.cpp:485]: Journal entry is missing loc for je_xinhai_revolution
[00:42:48][journal_entry_type.cpp:490]: Journal entry is missing loc for je_xinhai_revolution_reason!
[00:42:48][journal_entry_type.cpp:485]: Journal entry is missing loc for je_xinhai_revolution_kmt
[00:42:48][journal_entry_type.cpp:490]: Journal entry is missing loc for je_xinhai_revolution_kmt_reason!
[00:42:48][journal_entry_type.cpp:471]: Journal entry is missing loc for je_bakufu_seisaku_junochisui_goal
[00:42:48][journal_entry_type.cpp:471]: Journal entry is missing loc for je_bakufu_seisaku_agechirei_goal
[00:42:48][journal_entry_type.cpp:471]: Journal entry is missing loc for je_bakufu_seisaku_kokishukusei_goal
[00:42:48][journal_entry_type.cpp:471]: Journal entry is missing loc for je_chinese_educational_mission_goal
[00:42:48][journal_entry_type.cpp:476]: Journal entry has redundant loc for je_dowager_cixi_goal
[00:42:48][journal_entry_type.cpp:490]: Journal entry is missing loc for je_hui_revolt_pre_reason!
[00:42:48][journal_entry_type.cpp:476]: Journal entry has redundant loc for je_bakuhantaisei_goal
[00:42:48][journal_entry_type.cpp:476]: Journal entry has redundant loc for je_formosa_expedition_goal
[00:42:48][journal_entry_type.cpp:476]: Journal entry has redundant loc for je_korean_kings_health_goal
[00:42:48][journal_entry_type.cpp:476]: Journal entry has redundant loc for je_yangjeon_goal
[00:42:48][journal_entry_type.cpp:476]: Journal entry has redundant loc for je_korean_imsul_boom_goal
[00:42:48][journal_entry_type.cpp:476]: Journal entry has redundant loc for je_king_cheoljong_education_goal
[00:42:48][journal_entry_type.cpp:476]: Journal entry has redundant loc for je_korean_regent_goal
[00:42:48][journal_entry_type.cpp:476]: Journal entry has redundant loc for je_korean_regent_inactive_goal
[00:42:48][journal_entry_type.cpp:476]: Journal entry has redundant loc for je_sedo_politics_goal
[00:42:48][journal_entry_type.cpp:476]: Journal entry has redundant loc for je_korean_confu_goal
[00:42:48][journal_entry_type.cpp:476]: Journal entry has redundant loc for je_rlg_seoul_gyeongbokgung_poor_goal
[00:42:48][journal_entry_type.cpp:476]: Journal entry has redundant loc for je_seoul_improvement_project_goal
[00:42:48][journal_entry_type.cpp:485]: Journal entry is missing loc for je_gando_ambition
[00:42:48][journal_entry_type.cpp:490]: Journal entry is missing loc for je_gando_ambition_reason!
[00:42:48][journal_entry_type.cpp:476]: Journal entry has redundant loc for je_provisional_presidency_ysk_goal
[00:42:48][journal_entry_type.cpp:476]: Journal entry has redundant loc for je_provisional_presidency_sys_goal
[00:42:48][journal_entry_type.cpp:485]: Journal entry is missing loc for je_scholar_bureaucrats
[00:42:48][journal_entry_type.cpp:490]: Journal entry is missing loc for je_scholar_bureaucrats_reason!
[00:42:48][journal_entry_type.cpp:471]: Journal entry is missing loc for je_reconstruct_summer_palace_goal
[00:42:48][journal_entry_type.cpp:476]: Journal entry has redundant loc for je_eafp_taiwan_pioneer_goal
[00:42:48][company_type.cpp:41]: Invalid base building type building_military_shipyard for company type building_military_shipyard
[00:42:48][power_bloc_statue_hero_type.cpp:141]: Identity 'identity_eafp_mandate_of_heaven' is not default for any hero!
[00:42:48][power_bloc_statue_hero_type.cpp:141]: Identity 'identity_eafp_chinese_interregnum' is not default for any hero!
[00:42:48][power_bloc_statue_pedestal_type.cpp:62]: Identity 'identity_eafp_mandate_of_heaven' is not default for any pedestal!
[00:42:48][power_bloc_statue_pedestal_type.cpp:62]: Identity 'identity_eafp_chinese_interregnum' is not default for any pedestal!
[00:42:49][jomini_script_system.cpp:247]: Script system error!
  Error: has_potential_resource trigger [ target: Not found in database class CBuildingDatabase ]
  Script location: events/eafp_jap_events/eafp_japan.txt:6132

[00:42:49][jomini_trigger.cpp:224]: PostValidate of trigger 'has_potential_resource' returned false at events/eafp_jap_events/eafp_japan.txt:6132
[00:42:49][jomini_script_system.cpp:247]: Script system error!
  Error: has_potential_resource trigger [ target: Not found in database class CBuildingDatabase ]
  Script location: events/eafp_jap_events/eafp_japan.txt:6152

[00:42:49][jomini_trigger.cpp:224]: PostValidate of trigger 'has_potential_resource' returned false at events/eafp_jap_events/eafp_japan.txt:6152
[00:42:49][jomini_script_system.cpp:247]: Script system error!
  Error: has_interest_marker_in_region trigger [ Invalid strategic region 'region_japan' ]
  Script location: events/eafp_jap_events/eafp_japan.txt:7560

[00:42:49][jomini_trigger.cpp:224]: PostValidate of trigger 'has_interest_marker_in_region' returned false at events/eafp_jap_events/eafp_japan.txt:7560
[00:42:49][jomini_script_system.cpp:247]: Script system error!
  Error: has_interest_marker_in_region trigger [ Invalid strategic region 'region_japan' ]
  Script location: events/eafp_jap_events/eafp_japan.txt:7568

[00:42:49][jomini_trigger.cpp:224]: PostValidate of trigger 'has_interest_marker_in_region' returned false at events/eafp_jap_events/eafp_japan.txt:7568
[00:42:49][jomini_script_system.cpp:247]: Script system error!
  Error: has_interest_marker_in_region trigger [ Invalid strategic region 'region_japan' ]
  Script location: events/eafp_jap_events/eafp_japan.txt:7612

[00:42:49][jomini_trigger.cpp:224]: PostValidate of trigger 'has_interest_marker_in_region' returned false at events/eafp_jap_events/eafp_japan.txt:7612
[00:42:49][jomini_script_system.cpp:247]: Script system error!
  Error: has_interest_marker_in_region trigger [ Invalid strategic region 'region_japan' ]
  Script location: events/eafp_jap_events/eafp_japan.txt:7633

[00:42:49][jomini_trigger.cpp:224]: PostValidate of trigger 'has_interest_marker_in_region' returned false at events/eafp_jap_events/eafp_japan.txt:7633
[00:42:49][jomini_script_system.cpp:247]: Script system error!
  Error: has_interest_marker_in_region trigger [ Invalid strategic region 'region_japan' ]
  Script location: events/eafp_jap_events/eafp_japan.txt:7838

[00:42:49][jomini_trigger.cpp:224]: PostValidate of trigger 'has_interest_marker_in_region' returned false at events/eafp_jap_events/eafp_japan.txt:7838
[00:42:49][jomini_script_system.cpp:247]: Script system error!
  Error: has_interest_marker_in_region trigger [ Invalid strategic region 'region_japan' ]
  Script location: events/eafp_jap_events/eafp_japan.txt:7859

[00:42:49][jomini_trigger.cpp:224]: PostValidate of trigger 'has_interest_marker_in_region' returned false at events/eafp_jap_events/eafp_japan.txt:7859
[00:42:49][jomini_script_system.cpp:247]: Script system error!
  Error: has_interest_marker_in_region trigger [ Invalid strategic region 'region_japan' ]
  Script location: events/eafp_jap_events/eafp_japan.txt:7932

[00:42:49][jomini_trigger.cpp:224]: PostValidate of trigger 'has_interest_marker_in_region' returned false at events/eafp_jap_events/eafp_japan.txt:7932
[00:42:49][jomini_script_system.cpp:247]: Script system error!
  Error: has_interest_marker_in_region trigger [ Invalid strategic region 'region_japan' ]
  Script location: events/eafp_jap_events/eafp_japan.txt:7953

[00:42:49][jomini_trigger.cpp:224]: PostValidate of trigger 'has_interest_marker_in_region' returned false at events/eafp_jap_events/eafp_japan.txt:7953
[00:42:49][jomini_script_system.cpp:247]: Script system error!
  Error: has_interest_marker_in_region trigger [ Invalid strategic region 'region_japan' ]
  Script location: events/eafp_jap_events/eafp_liberty_civil_right_movement_events.txt:220

[00:42:49][jomini_trigger.cpp:224]: PostValidate of trigger 'has_interest_marker_in_region' returned false at events/eafp_jap_events/eafp_liberty_civil_right_movement_events.txt:220
[00:42:49][jomini_script_system.cpp:247]: Script system error!
  Error: has_interest_marker_in_region trigger [ Invalid strategic region 'region_japan' ]
  Script location: events/eafp_jap_events/eafp_liberty_civil_right_movement_events.txt:237

[00:42:49][jomini_trigger.cpp:224]: PostValidate of trigger 'has_interest_marker_in_region' returned false at events/eafp_jap_events/eafp_liberty_civil_right_movement_events.txt:237
[00:42:49][jomini_script_system.cpp:247]: Script system error!
  Error: has_building trigger [ Invalid database object 'building_gaudi_gyeong' ]
  Script location: events/eafp_kor_events/eafp_kor_mainline.txt:2707

[00:42:49][jomini_trigger.cpp:224]: PostValidate of trigger 'has_building' returned false at events/eafp_kor_events/eafp_kor_mainline.txt:2707
[00:42:49][jomini_script_system.cpp:247]: Script system error!
  Error: has_building trigger [ Invalid database object 'building_gaudi_gyeong' ]
  Script location: events/eafp_kor_events/eafp_kor_mainline.txt:2716

[00:42:49][jomini_trigger.cpp:224]: PostValidate of trigger 'has_building' returned false at events/eafp_kor_events/eafp_kor_mainline.txt:2716
[00:42:49][jomini_script_system.cpp:247]: Script system error!
  Error: any_scope_state trigger [ Filter should only be used if a percent or count = all is specified ]
  Script location: common/scripted_triggers/eafp_mongolia_triggers.txt:52

[00:42:49][jomini_trigger.cpp:224]: PostValidate of trigger 'any_scope_state' returned false at common/scripted_triggers/eafp_mongolia_triggers.txt:52
[00:42:49][jomini_script_system.cpp:247]: Script system error!
  Error: is_political_movement_type trigger [ Invalid database object 'eafp_movement_sonno_joi' ]
  Script location: common/on_actions/japan_code_on_actions.txt:1150

[00:42:49][jomini_trigger.cpp:224]: PostValidate of trigger 'is_political_movement_type' returned false at common/on_actions/japan_code_on_actions.txt:1150
[00:42:49][jomini_script_system.cpp:247]: Script system error!
  Error: has_potential_resource trigger [ target: Not found in database class CBuildingDatabase ]
  Script location: common/scripted_buttons/eafp_japan_buttons.txt:230

[00:42:49][jomini_trigger.cpp:224]: PostValidate of trigger 'has_potential_resource' returned false at common/scripted_buttons/eafp_japan_buttons.txt:230
[00:42:49][jomini_script_system.cpp:247]: Script system error!
  Error: custom_tooltip trigger [ Unknown loc key war_with_china_not_korea_tt ]
  Script location: common/scripted_buttons/eafp_korean_reformation_buttons.txt:223

[00:42:49][jomini_trigger.cpp:224]: PostValidate of trigger 'custom_tooltip' returned false at common/scripted_buttons/eafp_korean_reformation_buttons.txt:223
[00:42:49][jomini_script_system.cpp:247]: Script system error!
  Error: custom_tooltip trigger [ Unknown loc key owes_korea_obligation_tt ]
  Script location: common/scripted_buttons/eafp_korean_reformation_buttons.txt:231

[00:42:49][jomini_trigger.cpp:224]: PostValidate of trigger 'custom_tooltip' returned false at common/scripted_buttons/eafp_korean_reformation_buttons.txt:231
[00:42:49][jomini_script_system.cpp:247]: Script system error!
  Error: custom_tooltip trigger [ Unknown loc key je_meiji_restoration_goal ]
  Script location: common/journal_entries/eafp_00_meiji_restoration.txt:102

[00:42:49][jomini_trigger.cpp:224]: PostValidate of trigger 'custom_tooltip' returned false at common/journal_entries/eafp_00_meiji_restoration.txt:102
[00:42:49][jomini_script_system.cpp:247]: Script system error!
  Error: is_political_movement_type trigger [ Invalid database object 'eafp_movement_sonno_joi' ]
  Script location: common/journal_entries/eafp_japan.txt:1803

[00:42:49][jomini_trigger.cpp:224]: PostValidate of trigger 'is_political_movement_type' returned false at common/journal_entries/eafp_japan.txt:1803
[00:42:49][jomini_script_system.cpp:247]: Script system error!
  Error: is_political_movement_type trigger [ Invalid database object 'eafp_movement_sonno_joi' ]
  Script location: common/journal_entries/eafp_japan.txt:1846

[00:42:49][jomini_trigger.cpp:224]: PostValidate of trigger 'is_political_movement_type' returned false at common/journal_entries/eafp_japan.txt:1846
[00:42:49][jomini_script_system.cpp:247]: Script system error!
  Error: any_scope_state trigger [ Filter should only be used if a percent or count = all is specified ]
  Script location: common/journal_entries/eafp_mongolia_journal_entries.txt:70

[00:42:49][jomini_trigger.cpp:224]: PostValidate of trigger 'any_scope_state' returned false at common/journal_entries/eafp_mongolia_journal_entries.txt:70
[00:42:49][jomini_script_system.cpp:247]: Script system error!
  Error: has_interest_marker_in_region trigger [ Invalid strategic region 'region_japan' ]
  Script location: common/company_types/eafp_companies_japan.txt:28

[00:42:49][jomini_trigger.cpp:224]: PostValidate of trigger 'has_interest_marker_in_region' returned false at common/company_types/eafp_companies_japan.txt:28
[00:42:49][jomini_script_system.cpp:247]: Script system error!
  Error: has_interest_marker_in_region trigger [ Invalid strategic region 'region_japan' ]
  Script location: common/company_types/eafp_companies_japan.txt:327

[00:42:49][jomini_trigger.cpp:224]: PostValidate of trigger 'has_interest_marker_in_region' returned false at common/company_types/eafp_companies_japan.txt:327
[00:42:49][jomini_script_system.cpp:247]: Script system error!
  Error: is_building_type trigger [ Invalid database object 'building_military_shipyard' ]
  Script location: common/company_types/eafp_companies_japan.txt:251

[00:42:49][jomini_trigger.cpp:224]: PostValidate of trigger 'is_building_type' returned false at common/company_types/eafp_companies_japan.txt:251
[00:42:52][state_region_template.cpp:1551]: Invalid sea state region INJECT:STATE_CHUBU: has 0 provinces but must have exactly one
[00:42:52][state_region_template.cpp:1551]: Invalid sea state region INJECT:STATE_CHUGOKU: has 0 provinces but must have exactly one
[00:42:52][state_region_template.cpp:1765]: State Region is missing a strategic region! StateRegion: INJECT:STATE_CHUBU (781)
[00:42:52][state_region_template.cpp:1765]: State Region is missing a strategic region! StateRegion: INJECT:STATE_CHUGOKU (782)
[00:42:52][eventtargetlinks.cpp:137]: Invalid database object key 'region_japan' file location: common/script_values/earp_jap_values.txt:420
[00:42:52][eventtargetlinks.cpp:137]: Invalid database object key 'region_japan' file location: common/script_values/earp_jap_values.txt:429
[00:42:52][eventtargetlinks.cpp:137]: Invalid database object key 'ideology_kaikakuha' file location: common/scripted_triggers/eafp_jap_triggers.txt:3
[00:42:52][eventtargetlinks.cpp:137]: Invalid database object key 'ideology_hitotsubashiha' file location: common/scripted_triggers/eafp_jap_triggers.txt:4
[00:42:52][eventtargetlinks.cpp:137]: Invalid database object key 'ideology_hoshuha' file location: common/scripted_triggers/eafp_jap_triggers.txt:10
[00:42:52][eventtargetlinks.cpp:137]: Invalid database object key 'ideology_nankiha' file location: common/scripted_triggers/eafp_jap_triggers.txt:11
[00:42:52][eventtargetlinks.cpp:137]: Invalid database object key 'ideology_kaikakuha' file location: common/scripted_effects/eafp_japan_effects.txt:23
[00:42:52][eventtargetlinks.cpp:137]: Invalid database object key 'ideology_hitotsubashiha' file location: common/scripted_effects/eafp_japan_effects.txt:26
[00:42:52][eventtargetlinks.cpp:137]: Invalid database object key 'ideology_hoshuha' file location: common/scripted_effects/eafp_japan_effects.txt:34
[00:42:52][eventtargetlinks.cpp:137]: Invalid database object key 'ideology_nankiha' file location: common/scripted_effects/eafp_japan_effects.txt:37
[00:42:52][eventtargetlinks.cpp:137]: Invalid database object key 'donghak' file location: common/ideologies/eafp_leader_ideologies.txt:1055
[00:42:52][eventtargetlinks.cpp:137]: Invalid database object key 'region_japan' file location: events/eafp_debug.txt:33
[00:42:52][eventtargetlinks.cpp:137]: Invalid database object key 'law_one_party_state' file location: events/warlord_china_events.txt:69
[00:42:52][eventtargetlinks.cpp:4498]: Failed to find country! Country: NIP, File Location: events/eafp_jap_events/eafp_boshin_war.txt:63
[00:42:52][eventtargetlinks.cpp:137]: Invalid database object key 'eafp_movement_sonno_joi' file location: events/eafp_jap_events/eafp_boshin_war.txt:67
[00:42:52][eventtargetlinks.cpp:4498]: Failed to find country! Country: NIP, File Location: events/eafp_jap_events/eafp_boshin_war.txt:107
[00:42:52][eventtargetlinks.cpp:137]: Invalid database object key 'eafp_movement_sonno_joi' file location: events/eafp_jap_events/eafp_boshin_war.txt:111
[00:42:52][eventtargetlinks.cpp:4498]: Failed to find country! Country: NIP, File Location: events/eafp_jap_events/eafp_boshin_war.txt:143
[00:42:52][eventtargetlinks.cpp:137]: Invalid database object key 'eafp_movement_sonno_joi' file location: events/eafp_jap_events/eafp_boshin_war.txt:147
[00:42:52][eventtargetlinks.cpp:137]: Invalid database object key 'law_chusei' file location: common/on_actions/japan_code_on_actions.txt:1123
[00:42:52][eventtargetlinks.cpp:4498]: Failed to find country! Country: NIP, File Location: common/on_actions/japan_code_on_actions.txt:1254
[00:42:52][eventtargetlinks.cpp:4498]: Failed to find country! Country: NIP, File Location: common/on_actions/japan_code_on_actions.txt:1268
[00:42:52][eventtargetlinks.cpp:137]: Invalid database object key 'region_east_siberia' file location: common/scripted_buttons/eafp_04_russia_buttons.txt:738
[00:42:52][eventtargetlinks.cpp:4498]: Failed to find country! Country: NIP, File Location: common/journal_entries/eafp_japan.txt:127
[00:42:52][eventtargetlinks.cpp:137]: Invalid database object key 'eafp_movement_sonno_joi' file location: common/journal_entries/eafp_japan.txt:132
[00:42:52][eventtargetlinks.cpp:4498]: Failed to find country! Country: NIP, File Location: common/journal_entries/eafp_japan.txt:1824
[00:42:52][eventtargetlinks.cpp:4498]: Failed to find country! Country: NIP, File Location: common/journal_entries/eafp_japan.txt:1878
[00:42:52][eventtargetlinks.cpp:137]: Invalid database object key 'region_manchuria' file location: common/company_types/eafp_companies_japan.txt:176
[00:42:52][eventtargetlinks.cpp:137]: Invalid database object key 'region_manchuria' file location: common/company_types/eafp_companies_japan.txt:187
[00:42:52][eventtargetlinks.cpp:137]: Invalid database object key 'region_manchuria' file location: common/company_types/eafp_companies_japan.txt:151
[00:42:52][eventtargetlinks.cpp:137]: Invalid database object key 'combat_unit_type_frigate' file location: common/history/military_formations/06_military_formations_asia.txt:747
[00:42:52][jomini_script_system.cpp:247]: Script system error!
  Error: create_building effect [ Invalid production method: pm_default_building_edojo ]
  Script location: common/history/buildings/jap_building.txt:4

[00:42:52][jomini_script_system.cpp:247]: Script system error!
  Error: create_building effect [ Invalid production method: pm_military_shipbuilding_wooden ]
  Script location: common/history/buildings/kor_building.txt:75

[00:42:52][jomini_script_system.cpp:247]: Script system error!
  Error: post_notification effect [ Invalid database object 'ig_leader_memento_mori' ]
  Script location: events/eafp_chi_events/eafp_chi_military_headquarters_events.txt:15

[00:42:52][jomini_effect.cpp:141]: PostValidate of effect 'post_notification' returned false at events/eafp_chi_events/eafp_chi_military_headquarters_events.txt:15
[00:42:52][character_templates_utils.cpp:40]: Invalid Ideology ideology_hitotsubashiha in common/scripted_effects/eafp_japan_effects.txt:277
[00:42:52][character_templates_utils.cpp:40]: Trying to initiatlize non-character ideology  to character --- in common/scripted_effects/eafp_japan_effects.txt:277
[00:42:52][jomini_effect.cpp:141]: PostValidate of effect 'create_character' returned false at common/scripted_effects/eafp_japan_effects.txt:277
[00:42:52][character_templates_utils.cpp:40]: Invalid Ideology ideology_hitotsubashiha in common/scripted_effects/eafp_japan_effects.txt:310
[00:42:52][character_templates_utils.cpp:40]: Trying to initiatlize non-character ideology  to character --- in common/scripted_effects/eafp_japan_effects.txt:310
[00:42:52][jomini_effect.cpp:141]: PostValidate of effect 'create_character' returned false at common/scripted_effects/eafp_japan_effects.txt:310
[00:42:52][character_templates_utils.cpp:40]: Invalid Ideology ideology_hitotsubashiha in common/scripted_effects/eafp_japan_effects.txt:345
[00:42:52][character_templates_utils.cpp:40]: Trying to initiatlize non-character ideology  to character ---Ii in common/scripted_effects/eafp_japan_effects.txt:345
[00:42:52][jomini_effect.cpp:141]: PostValidate of effect 'create_character' returned false at common/scripted_effects/eafp_japan_effects.txt:345
[00:42:52][character_templates_utils.cpp:40]: Invalid Ideology ideology_hitotsubashiha in common/scripted_effects/eafp_japan_effects.txt:379
[00:42:52][character_templates_utils.cpp:40]: Trying to initiatlize non-character ideology  to character ---Sakai in common/scripted_effects/eafp_japan_effects.txt:379
[00:42:52][jomini_effect.cpp:141]: PostValidate of effect 'create_character' returned false at common/scripted_effects/eafp_japan_effects.txt:379
[00:42:52][character_templates_utils.cpp:40]: Invalid Ideology ideology_kaikakuha in common/scripted_effects/eafp_japan_effects.txt:277
[00:42:52][character_templates_utils.cpp:40]: Trying to initiatlize non-character ideology  to character --- in common/scripted_effects/eafp_japan_effects.txt:277
[00:42:52][jomini_effect.cpp:141]: PostValidate of effect 'create_character' returned false at common/scripted_effects/eafp_japan_effects.txt:277
[00:42:52][character_templates_utils.cpp:40]: Invalid Ideology ideology_kaikakuha in common/scripted_effects/eafp_japan_effects.txt:310
[00:42:52][character_templates_utils.cpp:40]: Trying to initiatlize non-character ideology  to character --- in common/scripted_effects/eafp_japan_effects.txt:310
[00:42:52][jomini_effect.cpp:141]: PostValidate of effect 'create_character' returned false at common/scripted_effects/eafp_japan_effects.txt:310
[00:42:52][character_templates_utils.cpp:40]: Invalid Ideology ideology_kaikakuha in common/scripted_effects/eafp_japan_effects.txt:345
[00:42:52][character_templates_utils.cpp:40]: Trying to initiatlize non-character ideology  to character ---Ii in common/scripted_effects/eafp_japan_effects.txt:345
[00:42:52][jomini_effect.cpp:141]: PostValidate of effect 'create_character' returned false at common/scripted_effects/eafp_japan_effects.txt:345
[00:42:52][character_templates_utils.cpp:40]: Invalid Ideology ideology_kaikakuha in common/scripted_effects/eafp_japan_effects.txt:379
[00:42:52][character_templates_utils.cpp:40]: Trying to initiatlize non-character ideology  to character ---Sakai in common/scripted_effects/eafp_japan_effects.txt:379
[00:42:52][jomini_effect.cpp:141]: PostValidate of effect 'create_character' returned false at common/scripted_effects/eafp_japan_effects.txt:379
[00:42:52][character_templates_utils.cpp:40]: Invalid Ideology ideology_nankiha in common/scripted_effects/eafp_japan_effects.txt:277
[00:42:52][character_templates_utils.cpp:40]: Trying to initiatlize non-character ideology  to character --- in common/scripted_effects/eafp_japan_effects.txt:277
[00:42:52][jomini_effect.cpp:141]: PostValidate of effect 'create_character' returned false at common/scripted_effects/eafp_japan_effects.txt:277
[00:42:52][character_templates_utils.cpp:40]: Invalid Ideology ideology_nankiha in common/scripted_effects/eafp_japan_effects.txt:310
[00:42:52][character_templates_utils.cpp:40]: Trying to initiatlize non-character ideology  to character --- in common/scripted_effects/eafp_japan_effects.txt:310
[00:42:52][jomini_effect.cpp:141]: PostValidate of effect 'create_character' returned false at common/scripted_effects/eafp_japan_effects.txt:310
[00:42:52][character_templates_utils.cpp:40]: Invalid Ideology ideology_nankiha in common/scripted_effects/eafp_japan_effects.txt:345
[00:42:52][character_templates_utils.cpp:40]: Trying to initiatlize non-character ideology  to character ---Ii in common/scripted_effects/eafp_japan_effects.txt:345
[00:42:52][jomini_effect.cpp:141]: PostValidate of effect 'create_character' returned false at common/scripted_effects/eafp_japan_effects.txt:345
[00:42:52][character_templates_utils.cpp:40]: Invalid Ideology ideology_nankiha in common/scripted_effects/eafp_japan_effects.txt:379
[00:42:52][character_templates_utils.cpp:40]: Trying to initiatlize non-character ideology  to character ---Sakai in common/scripted_effects/eafp_japan_effects.txt:379
[00:42:52][jomini_effect.cpp:141]: PostValidate of effect 'create_character' returned false at common/scripted_effects/eafp_japan_effects.txt:379
[00:42:52][character_templates_utils.cpp:40]: Invalid Ideology ideology_hoshuha in common/scripted_effects/eafp_japan_effects.txt:277
[00:42:52][character_templates_utils.cpp:40]: Trying to initiatlize non-character ideology  to character --- in common/scripted_effects/eafp_japan_effects.txt:277
[00:42:52][jomini_effect.cpp:141]: PostValidate of effect 'create_character' returned false at common/scripted_effects/eafp_japan_effects.txt:277
[00:42:52][character_templates_utils.cpp:40]: Invalid Ideology ideology_hoshuha in common/scripted_effects/eafp_japan_effects.txt:310
[00:42:52][character_templates_utils.cpp:40]: Trying to initiatlize non-character ideology  to character --- in common/scripted_effects/eafp_japan_effects.txt:310
[00:42:52][jomini_effect.cpp:141]: PostValidate of effect 'create_character' returned false at common/scripted_effects/eafp_japan_effects.txt:310
[00:42:52][character_templates_utils.cpp:40]: Invalid Ideology ideology_hoshuha in common/scripted_effects/eafp_japan_effects.txt:345
[00:42:52][character_templates_utils.cpp:40]: Trying to initiatlize non-character ideology  to character ---Ii in common/scripted_effects/eafp_japan_effects.txt:345
[00:42:52][jomini_effect.cpp:141]: PostValidate of effect 'create_character' returned false at common/scripted_effects/eafp_japan_effects.txt:345
[00:42:52][character_templates_utils.cpp:40]: Invalid Ideology ideology_hoshuha in common/scripted_effects/eafp_japan_effects.txt:379
[00:42:52][character_templates_utils.cpp:40]: Trying to initiatlize non-character ideology  to character ---Sakai in common/scripted_effects/eafp_japan_effects.txt:379
[00:42:52][jomini_effect.cpp:141]: PostValidate of effect 'create_character' returned false at common/scripted_effects/eafp_japan_effects.txt:379
[00:42:52][character_templates_utils.cpp:40]: Invalid Ideology ideology_hitotsubashiha in common/scripted_effects/eafp_japan_effects.txt:277
[00:42:52][character_templates_utils.cpp:40]: Trying to initiatlize non-character ideology  to character --- in common/scripted_effects/eafp_japan_effects.txt:277
[00:42:52][jomini_effect.cpp:141]: PostValidate of effect 'create_character' returned false at common/scripted_effects/eafp_japan_effects.txt:277
[00:42:52][character_templates_utils.cpp:40]: Invalid Ideology ideology_hitotsubashiha in common/scripted_effects/eafp_japan_effects.txt:310
[00:42:52][character_templates_utils.cpp:40]: Trying to initiatlize non-character ideology  to character --- in common/scripted_effects/eafp_japan_effects.txt:310
[00:42:52][jomini_effect.cpp:141]: PostValidate of effect 'create_character' returned false at common/scripted_effects/eafp_japan_effects.txt:310
[00:42:52][character_templates_utils.cpp:40]: Invalid Ideology ideology_hitotsubashiha in common/scripted_effects/eafp_japan_effects.txt:345
[00:42:52][character_templates_utils.cpp:40]: Trying to initiatlize non-character ideology  to character ---Ii in common/scripted_effects/eafp_japan_effects.txt:345
[00:42:52][jomini_effect.cpp:141]: PostValidate of effect 'create_character' returned false at common/scripted_effects/eafp_japan_effects.txt:345
[00:42:52][character_templates_utils.cpp:40]: Invalid Ideology ideology_hitotsubashiha in common/scripted_effects/eafp_japan_effects.txt:379
[00:42:52][character_templates_utils.cpp:40]: Trying to initiatlize non-character ideology  to character ---Sakai in common/scripted_effects/eafp_japan_effects.txt:379
[00:42:52][jomini_effect.cpp:141]: PostValidate of effect 'create_character' returned false at common/scripted_effects/eafp_japan_effects.txt:379
[00:42:52][character_templates_utils.cpp:40]: Invalid Ideology ideology_kaikakuha in common/scripted_effects/eafp_japan_effects.txt:277
[00:42:52][character_templates_utils.cpp:40]: Trying to initiatlize non-character ideology  to character --- in common/scripted_effects/eafp_japan_effects.txt:277
[00:42:52][jomini_effect.cpp:141]: PostValidate of effect 'create_character' returned false at common/scripted_effects/eafp_japan_effects.txt:277
[00:42:52][character_templates_utils.cpp:40]: Invalid Ideology ideology_kaikakuha in common/scripted_effects/eafp_japan_effects.txt:310
[00:42:52][character_templates_utils.cpp:40]: Trying to initiatlize non-character ideology  to character --- in common/scripted_effects/eafp_japan_effects.txt:310
[00:42:52][jomini_effect.cpp:141]: PostValidate of effect 'create_character' returned false at common/scripted_effects/eafp_japan_effects.txt:310
[00:42:52][character_templates_utils.cpp:40]: Invalid Ideology ideology_kaikakuha in common/scripted_effects/eafp_japan_effects.txt:345
[00:42:52][character_templates_utils.cpp:40]: Trying to initiatlize non-character ideology  to character ---Ii in common/scripted_effects/eafp_japan_effects.txt:345
[00:42:52][jomini_effect.cpp:141]: PostValidate of effect 'create_character' returned false at common/scripted_effects/eafp_japan_effects.txt:345
[00:42:52][character_templates_utils.cpp:40]: Invalid Ideology ideology_kaikakuha in common/scripted_effects/eafp_japan_effects.txt:379
[00:42:52][character_templates_utils.cpp:40]: Trying to initiatlize non-character ideology  to character ---Sakai in common/scripted_effects/eafp_japan_effects.txt:379
[00:42:52][jomini_effect.cpp:141]: PostValidate of effect 'create_character' returned false at common/scripted_effects/eafp_japan_effects.txt:379
[00:42:52][character_templates_utils.cpp:40]: Invalid Ideology ideology_nankiha in common/scripted_effects/eafp_japan_effects.txt:277
[00:42:52][character_templates_utils.cpp:40]: Trying to initiatlize non-character ideology  to character --- in common/scripted_effects/eafp_japan_effects.txt:277
[00:42:52][jomini_effect.cpp:141]: PostValidate of effect 'create_character' returned false at common/scripted_effects/eafp_japan_effects.txt:277
[00:42:52][character_templates_utils.cpp:40]: Invalid Ideology ideology_nankiha in common/scripted_effects/eafp_japan_effects.txt:310
[00:42:52][character_templates_utils.cpp:40]: Trying to initiatlize non-character ideology  to character --- in common/scripted_effects/eafp_japan_effects.txt:310
[00:42:52][jomini_effect.cpp:141]: PostValidate of effect 'create_character' returned false at common/scripted_effects/eafp_japan_effects.txt:310
[00:42:52][character_templates_utils.cpp:40]: Invalid Ideology ideology_nankiha in common/scripted_effects/eafp_japan_effects.txt:345
[00:42:52][character_templates_utils.cpp:40]: Trying to initiatlize non-character ideology  to character ---Ii in common/scripted_effects/eafp_japan_effects.txt:345
[00:42:52][jomini_effect.cpp:141]: PostValidate of effect 'create_character' returned false at common/scripted_effects/eafp_japan_effects.txt:345
[00:42:52][character_templates_utils.cpp:40]: Invalid Ideology ideology_nankiha in common/scripted_effects/eafp_japan_effects.txt:379
[00:42:52][character_templates_utils.cpp:40]: Trying to initiatlize non-character ideology  to character ---Sakai in common/scripted_effects/eafp_japan_effects.txt:379
[00:42:52][jomini_effect.cpp:141]: PostValidate of effect 'create_character' returned false at common/scripted_effects/eafp_japan_effects.txt:379
[00:42:52][character_templates_utils.cpp:40]: Invalid Ideology ideology_hoshuha in common/scripted_effects/eafp_japan_effects.txt:277
[00:42:52][character_templates_utils.cpp:40]: Trying to initiatlize non-character ideology  to character --- in common/scripted_effects/eafp_japan_effects.txt:277
[00:42:52][jomini_effect.cpp:141]: PostValidate of effect 'create_character' returned false at common/scripted_effects/eafp_japan_effects.txt:277
[00:42:52][character_templates_utils.cpp:40]: Invalid Ideology ideology_hoshuha in common/scripted_effects/eafp_japan_effects.txt:310
[00:42:52][character_templates_utils.cpp:40]: Trying to initiatlize non-character ideology  to character --- in common/scripted_effects/eafp_japan_effects.txt:310
[00:42:52][jomini_effect.cpp:141]: PostValidate of effect 'create_character' returned false at common/scripted_effects/eafp_japan_effects.txt:310
[00:42:52][character_templates_utils.cpp:40]: Invalid Ideology ideology_hoshuha in common/scripted_effects/eafp_japan_effects.txt:345
[00:42:52][character_templates_utils.cpp:40]: Trying to initiatlize non-character ideology  to character ---Ii in common/scripted_effects/eafp_japan_effects.txt:345
[00:42:52][jomini_effect.cpp:141]: PostValidate of effect 'create_character' returned false at common/scripted_effects/eafp_japan_effects.txt:345
[00:42:52][character_templates_utils.cpp:40]: Invalid Ideology ideology_hoshuha in common/scripted_effects/eafp_japan_effects.txt:379
[00:42:52][character_templates_utils.cpp:40]: Trying to initiatlize non-character ideology  to character ---Sakai in common/scripted_effects/eafp_japan_effects.txt:379
[00:42:52][jomini_effect.cpp:141]: PostValidate of effect 'create_character' returned false at common/scripted_effects/eafp_japan_effects.txt:379
[00:42:52][character_templates_utils.cpp:40]: Invalid Ideology ideology_hitotsubashiha in common/scripted_effects/eafp_japan_effects.txt:277
[00:42:52][character_templates_utils.cpp:40]: Trying to initiatlize non-character ideology  to character --- in common/scripted_effects/eafp_japan_effects.txt:277
[00:42:52][jomini_effect.cpp:141]: PostValidate of effect 'create_character' returned false at common/scripted_effects/eafp_japan_effects.txt:277
[00:42:52][character_templates_utils.cpp:40]: Invalid Ideology ideology_hitotsubashiha in common/scripted_effects/eafp_japan_effects.txt:310
[00:42:52][character_templates_utils.cpp:40]: Trying to initiatlize non-character ideology  to character --- in common/scripted_effects/eafp_japan_effects.txt:310
[00:42:52][jomini_effect.cpp:141]: PostValidate of effect 'create_character' returned false at common/scripted_effects/eafp_japan_effects.txt:310
[00:42:52][character_templates_utils.cpp:40]: Invalid Ideology ideology_hitotsubashiha in common/scripted_effects/eafp_japan_effects.txt:345
[00:42:52][character_templates_utils.cpp:40]: Trying to initiatlize non-character ideology  to character ---Ii in common/scripted_effects/eafp_japan_effects.txt:345
[00:42:52][jomini_effect.cpp:141]: PostValidate of effect 'create_character' returned false at common/scripted_effects/eafp_japan_effects.txt:345
[00:42:52][character_templates_utils.cpp:40]: Invalid Ideology ideology_hitotsubashiha in common/scripted_effects/eafp_japan_effects.txt:379
[00:42:52][character_templates_utils.cpp:40]: Trying to initiatlize non-character ideology  to character ---Sakai in common/scripted_effects/eafp_japan_effects.txt:379
[00:42:52][jomini_effect.cpp:141]: PostValidate of effect 'create_character' returned false at common/scripted_effects/eafp_japan_effects.txt:379
[00:42:52][character_templates_utils.cpp:40]: Invalid Ideology ideology_kaikakuha in common/scripted_effects/eafp_japan_effects.txt:277
[00:42:52][character_templates_utils.cpp:40]: Trying to initiatlize non-character ideology  to character --- in common/scripted_effects/eafp_japan_effects.txt:277
[00:42:52][jomini_effect.cpp:141]: PostValidate of effect 'create_character' returned false at common/scripted_effects/eafp_japan_effects.txt:277
[00:42:52][character_templates_utils.cpp:40]: Invalid Ideology ideology_kaikakuha in common/scripted_effects/eafp_japan_effects.txt:310
[00:42:52][character_templates_utils.cpp:40]: Trying to initiatlize non-character ideology  to character --- in common/scripted_effects/eafp_japan_effects.txt:310
[00:42:52][jomini_effect.cpp:141]: PostValidate of effect 'create_character' returned false at common/scripted_effects/eafp_japan_effects.txt:310
[00:42:52][character_templates_utils.cpp:40]: Invalid Ideology ideology_kaikakuha in common/scripted_effects/eafp_japan_effects.txt:345
[00:42:52][character_templates_utils.cpp:40]: Trying to initiatlize non-character ideology  to character ---Ii in common/scripted_effects/eafp_japan_effects.txt:345
[00:42:52][jomini_effect.cpp:141]: PostValidate of effect 'create_character' returned false at common/scripted_effects/eafp_japan_effects.txt:345
[00:42:52][character_templates_utils.cpp:40]: Invalid Ideology ideology_kaikakuha in common/scripted_effects/eafp_japan_effects.txt:379
[00:42:52][character_templates_utils.cpp:40]: Trying to initiatlize non-character ideology  to character ---Sakai in common/scripted_effects/eafp_japan_effects.txt:379
[00:42:52][jomini_effect.cpp:141]: PostValidate of effect 'create_character' returned false at common/scripted_effects/eafp_japan_effects.txt:379
[00:42:52][character_templates_utils.cpp:40]: Invalid Ideology ideology_nankiha in common/scripted_effects/eafp_japan_effects.txt:277
[00:42:52][character_templates_utils.cpp:40]: Trying to initiatlize non-character ideology  to character --- in common/scripted_effects/eafp_japan_effects.txt:277
[00:42:52][jomini_effect.cpp:141]: PostValidate of effect 'create_character' returned false at common/scripted_effects/eafp_japan_effects.txt:277
[00:42:52][character_templates_utils.cpp:40]: Invalid Ideology ideology_nankiha in common/scripted_effects/eafp_japan_effects.txt:310
[00:42:52][character_templates_utils.cpp:40]: Trying to initiatlize non-character ideology  to character --- in common/scripted_effects/eafp_japan_effects.txt:310
[00:42:52][jomini_effect.cpp:141]: PostValidate of effect 'create_character' returned false at common/scripted_effects/eafp_japan_effects.txt:310
[00:42:52][character_templates_utils.cpp:40]: Invalid Ideology ideology_nankiha in common/scripted_effects/eafp_japan_effects.txt:345
[00:42:52][character_templates_utils.cpp:40]: Trying to initiatlize non-character ideology  to character ---Ii in common/scripted_effects/eafp_japan_effects.txt:345
[00:42:52][jomini_effect.cpp:141]: PostValidate of effect 'create_character' returned false at common/scripted_effects/eafp_japan_effects.txt:345
[00:42:52][character_templates_utils.cpp:40]: Invalid Ideology ideology_nankiha in common/scripted_effects/eafp_japan_effects.txt:379
[00:42:52][character_templates_utils.cpp:40]: Trying to initiatlize non-character ideology  to character ---Sakai in common/scripted_effects/eafp_japan_effects.txt:379
[00:42:52][jomini_effect.cpp:141]: PostValidate of effect 'create_character' returned false at common/scripted_effects/eafp_japan_effects.txt:379
[00:42:52][character_templates_utils.cpp:40]: Invalid Ideology ideology_hoshuha in common/scripted_effects/eafp_japan_effects.txt:277
[00:42:52][character_templates_utils.cpp:40]: Trying to initiatlize non-character ideology  to character --- in common/scripted_effects/eafp_japan_effects.txt:277
[00:42:52][jomini_effect.cpp:141]: PostValidate of effect 'create_character' returned false at common/scripted_effects/eafp_japan_effects.txt:277
[00:42:52][character_templates_utils.cpp:40]: Invalid Ideology ideology_hoshuha in common/scripted_effects/eafp_japan_effects.txt:310
[00:42:52][character_templates_utils.cpp:40]: Trying to initiatlize non-character ideology  to character --- in common/scripted_effects/eafp_japan_effects.txt:310
[00:42:52][jomini_effect.cpp:141]: PostValidate of effect 'create_character' returned false at common/scripted_effects/eafp_japan_effects.txt:310
[00:42:52][character_templates_utils.cpp:40]: Invalid Ideology ideology_hoshuha in common/scripted_effects/eafp_japan_effects.txt:345
[00:42:52][character_templates_utils.cpp:40]: Trying to initiatlize non-character ideology  to character ---Ii in common/scripted_effects/eafp_japan_effects.txt:345
[00:42:52][jomini_effect.cpp:141]: PostValidate of effect 'create_character' returned false at common/scripted_effects/eafp_japan_effects.txt:345
[00:42:52][character_templates_utils.cpp:40]: Invalid Ideology ideology_hoshuha in common/scripted_effects/eafp_japan_effects.txt:379
[00:42:52][character_templates_utils.cpp:40]: Trying to initiatlize non-character ideology  to character ---Sakai in common/scripted_effects/eafp_japan_effects.txt:379
[00:42:52][jomini_effect.cpp:141]: PostValidate of effect 'create_character' returned false at common/scripted_effects/eafp_japan_effects.txt:379
[00:42:52][jomini_script_system.cpp:247]: Script system error!
  Error: create_building effect [ Invalid building ]
  Script location: common/history/buildings/jap_building.txt:4

[00:42:52][jomini_effect.cpp:141]: PostValidate of effect 'create_building' returned false at common/history/buildings/jap_building.txt:4
[00:42:52][jomini_script_system.cpp:247]: Script system error!
  Error: create_building effect [ Invalid building ]
  Script location: common/history/buildings/kor_building.txt:75

[00:42:52][jomini_effect.cpp:141]: PostValidate of effect 'create_building' returned false at common/history/buildings/kor_building.txt:75
[00:42:52][jomini_script_system.cpp:247]: Script system error!
  Error: add_journal_entry effect [ Invalid journal entry type 'je_terakoya' ]
  Script location: common/history/countries/jap - japan.txt:52

[00:42:52][jomini_effect.cpp:141]: PostValidate of effect 'add_journal_entry' returned false at common/history/countries/jap - japan.txt:52
[00:42:52][jomini_script_system.cpp:247]: Script system error!
  Error: create_military_formation effect [ Combat units are not applicable for fleets ]
  Script location: common/history/military_formations/06_military_formations_asia.txt:741

[00:42:52][jomini_effect.cpp:141]: PostValidate of effect 'create_military_formation' returned false at common/history/military_formations/06_military_formations_asia.txt:741
[00:42:52][jomini_effect.cpp:1139]: Flag 'hitotsubashiha' is used but is never set. Setting it in an unused scripted trigger or effect does not count
[00:42:52][jomini_effect.cpp:1139]: Flag 'moderate' is used but is never set. Setting it in an unused scripted trigger or effect does not count
[00:42:52][jomini_effect.cpp:1139]: Flag 'nankiha' is used but is never set. Setting it in an unused scripted trigger or effect does not count
[00:42:52][jomini_effect.cpp:1139]: Variable 'meiji_reforms_failed_var' is used but is never set. Setting it in an unused scripted trigger or effect does not count
[00:42:52][jomini_effect.cpp:1139]: Variable 'eafp_ryukyu_intervention_offered_var' is used but is never set. Setting it in an unused scripted trigger or effect does not count
[00:42:52][jomini_effect.cpp:1139]: Variable 'orleanist_leader' is used but is never set. Setting it in an unused scripted trigger or effect does not count
[00:42:52][jomini_effect.cpp:1139]: Variable 'eafp_claiming_chinese_central_government' is used but is never set. Setting it in an unused scripted trigger or effect does not count
[00:42:52][jomini_effect.cpp:1139]: Variable 'won_boxer_rebellion' is used but is never set. Setting it in an unused scripted trigger or effect does not count
[00:42:52][jomini_effect.cpp:1139]: Variable 'taiping_internal_conflict_resolved' is used but is never set. Setting it in an unused scripted trigger or effect does not count
[00:42:52][jomini_effect.cpp:1139]: Variable 'WCR_westernized_nation' is used but is never set. Setting it in an unused scripted trigger or effect does not count
[00:42:52][jomini_effect.cpp:1139]: Variable 'bonapartist_leader' is used but is never set. Setting it in an unused scripted trigger or effect does not count
[00:42:52][jomini_effect.cpp:1139]: Event target 'eafp_manchuria_migrant_target_state' is used but is never set. Setting it in an unused scripted trigger or effect does not count
[00:42:52][jomini_eventmanager.cpp:376]: Event boxer_rebellion_events.4 is orphaned
[00:42:52][jomini_eventmanager.cpp:376]: Event eafp_ryukyu.1 is orphaned
[00:42:52][jomini_eventmanager.cpp:376]: Event eafp_ryukyu.2 is orphaned
[00:42:52][jomini_eventmanager.cpp:376]: Event eafp_ryukyu.4 is orphaned
[00:42:52][jomini_eventmanager.cpp:376]: Event meiji.13 is orphaned
[00:42:52][jomini_eventmanager.cpp:376]: Event chi_flavor.9 is orphaned
[00:42:52][jomini_eventmanager.cpp:376]: Event hanbatsu_oligarchy_events.1 is orphaned
[00:42:52][jomini_eventmanager.cpp:376]: Event eafp_japan.1 is orphaned
[00:42:52][jomini_eventmanager.cpp:376]: Event eafp_japan.2007 is orphaned
[00:42:52][jomini_eventmanager.cpp:376]: Event eafp_japan.2309 is orphaned
[00:42:52][jomini_eventmanager.cpp:376]: Event eafp_japan.5004 is orphaned
[00:42:52][jomini_eventmanager.cpp:376]: Event tenpo_famine.1 is orphaned
[00:42:52][jomini_eventmanager.cpp:376]: Event zaibatsu_events.1 is orphaned
[00:42:52][jomini_eventmanager.cpp:376]: Event zaibatsu_events.2 is orphaned
[00:42:52][jomini_eventmanager.cpp:376]: Event zaibatsu_events.3 is orphaned
[00:42:52][jomini_eventmanager.cpp:376]: Event zaibatsu_events.4 is orphaned
[00:42:52][jomini_eventmanager.cpp:376]: Event eafp_mgl.400 is orphaned
[00:42:52][jomini_eventmanager.cpp:376]: Event ep2_meiji.1 is orphaned
[00:42:52][jomini_eventmanager.cpp:376]: Event ep2_meiji.8 is orphaned
[00:42:52][jomini_eventmanager.cpp:376]: Event ep2_meiji.9 is orphaned
[00:42:52][jomini_eventmanager.cpp:376]: Event tenpo_events.1 is orphaned
[00:43:01][pdx_data_factory.cpp:1401]: Failed to find type '1' in '1.12'.
[00:43:01][pdx_data_factory.cpp:1408]: Could not find promote for '1' in '1.12'.
[00:43:01][pdx_data_factory.cpp:1092]: Failed converting statement for '1.12'
[00:43:01][pdx_data_localize.cpp:136]: Data error in loc string 'MISSING_DLC_ENTRY'
[00:43:01][pdx_data_factory.cpp:1401]: Failed to find type '1' in '1.12'.
[00:43:01][pdx_data_factory.cpp:1408]: Could not find promote for '1' in '1.12'.
[00:43:01][pdx_data_factory.cpp:1092]: Failed converting statement for '1.12'
[00:43:01][pdx_data_localize.cpp:136]: Data error in loc string 'MISSING_DLC_ENTRY'
[00:43:01][pdx_data_factory.cpp:1401]: Failed to find type '1' in '1.12'.
[00:43:01][pdx_data_factory.cpp:1408]: Could not find promote for '1' in '1.12'.
[00:43:01][pdx_data_factory.cpp:1092]: Failed converting statement for '1.12'
[00:43:01][pdx_data_localize.cpp:136]: Data error in loc string 'MISSING_DLC_ENTRY'
[00:43:01][pdx_data_factory.cpp:1401]: Failed to find type '1' in '1.12'.
[00:43:01][pdx_data_factory.cpp:1408]: Could not find promote for '1' in '1.12'.
[00:43:01][pdx_data_factory.cpp:1092]: Failed converting statement for '1.12'
[00:43:01][pdx_data_localize.cpp:136]: Data error in loc string 'MISSING_DLC_ENTRY'
[00:43:01][pdx_data_factory.cpp:1401]: Failed to find type '1' in '1.12'.
[00:43:01][pdx_data_factory.cpp:1408]: Could not find promote for '1' in '1.12'.
[00:43:01][pdx_data_factory.cpp:1092]: Failed converting statement for '1.12'
[00:43:01][pdx_data_localize.cpp:136]: Data error in loc string 'MISSING_DLC_ENTRY'
[00:43:01][pdx_data_factory.cpp:1401]: Failed to find type '1' in '1.12'.
[00:43:01][pdx_data_factory.cpp:1408]: Could not find promote for '1' in '1.12'.
[00:43:01][pdx_data_factory.cpp:1092]: Failed converting statement for '1.12'
[00:43:01][pdx_data_localize.cpp:136]: Data error in loc string 'MISSING_DLC_ENTRY'
[00:43:01][pdx_data_factory.cpp:1401]: Failed to find type '1' in '1.12'.
[00:43:01][pdx_data_factory.cpp:1408]: Could not find promote for '1' in '1.12'.
[00:43:01][pdx_data_factory.cpp:1092]: Failed converting statement for '1.12'
[00:43:01][pdx_data_localize.cpp:136]: Data error in loc string 'MISSING_DLC_ENTRY'
[00:43:01][pdx_data_factory.cpp:1401]: Failed to find type '1' in '1.12'.
[00:43:01][pdx_data_factory.cpp:1408]: Could not find promote for '1' in '1.12'.
[00:43:01][pdx_data_factory.cpp:1092]: Failed converting statement for '1.12'
[00:43:01][pdx_data_localize.cpp:136]: Data error in loc string 'MISSING_DLC_ENTRY'
[00:43:01][pdx_data_factory.cpp:1401]: Failed to find type '1' in '1.12'.
[00:43:01][pdx_data_factory.cpp:1408]: Could not find promote for '1' in '1.12'.
[00:43:01][pdx_data_factory.cpp:1092]: Failed converting statement for '1.12'
[00:43:01][pdx_data_localize.cpp:136]: Data error in loc string 'MISSING_DLC_ENTRY'
[00:43:01][pdx_data_factory.cpp:1401]: Failed to find type '1' in '1.12'.
[00:43:01][pdx_data_factory.cpp:1408]: Could not find promote for '1' in '1.12'.
[00:43:01][pdx_data_factory.cpp:1092]: Failed converting statement for '1.12'
[00:43:01][pdx_data_localize.cpp:136]: Data error in loc string 'MISSING_DLC_ENTRY'
[00:43:01][pdx_data_factory.cpp:1401]: Failed to find type '1' in '1.12'.
[00:43:01][pdx_data_factory.cpp:1408]: Could not find promote for '1' in '1.12'.
[00:43:01][pdx_data_factory.cpp:1092]: Failed converting statement for '1.12'
[00:43:01][pdx_data_localize.cpp:136]: Data error in loc string 'MISSING_DLC_ENTRY'
