[01:51:23][jomini_eventmanager.cpp:637]: >=== NAMESPACE > '1848' is set to #1000000
[01:51:23][jomini_eventmanager.cpp:590]: Events loaded events/1848.txt' #9
[01:51:23][jomini_eventmanager.cpp:637]: >=== NAMESPACE > 'acceptance_events' is set to #1010000
[01:51:23][jomini_eventmanager.cpp:590]: Events loaded events/acceptance_events.txt' #1
[01:51:23][jomini_eventmanager.cpp:637]: >=== NAMESPACE > 'africa_colonial_events' is set to #1020000
[01:51:23][jomini_eventmanager.cpp:590]: Events loaded events/africa_colonial_events.txt' #6
[01:51:23][jomini_eventmanager.cpp:590]: Events loaded events/africa_colonial_events_02.txt' #2
[01:51:23][jomini_eventmanager.cpp:590]: Events loaded events/africa_colonial_events_03.txt' #5
[01:51:23][jomini_eventmanager.cpp:637]: >=== NAMESPACE > 'alaska' is set to #1030000
[01:51:23][jomini_eventmanager.cpp:590]: Events loaded events/alaska_events.txt' #4
[01:51:23][jomini_eventmanager.cpp:637]: >=== NAMESPACE > 'amazon' is set to #1040000
[01:51:23][jomini_eventmanager.cpp:590]: Events loaded events/amazon_events.txt' #3
[01:51:23][jomini_eventmanager.cpp:637]: >=== NAMESPACE > 'assassination_events' is set to #1050000
[01:51:23][jomini_eventmanager.cpp:590]: Events loaded events/assassination_events.txt' #8
[01:51:23][jomini_eventmanager.cpp:637]: >=== NAMESPACE > 'emu_war' is set to #1060000
[01:51:23][jomini_eventmanager.cpp:590]: Events loaded events/australia_events.txt' #1
[01:51:23][jomini_eventmanager.cpp:637]: >=== NAMESPACE > 'autocracy' is set to #1070000
[01:51:23][jomini_eventmanager.cpp:590]: Events loaded events/autocracy_events.txt' #4
[01:51:23][jomini_eventmanager.cpp:637]: >=== NAMESPACE > 'belle_epoque_events' is set to #1080000
[01:51:23][jomini_eventmanager.cpp:590]: Events loaded events/belle_epoque_events.txt' #20
[01:51:23][jomini_eventmanager.cpp:637]: >=== NAMESPACE > 'bic_breakup' is set to #1090000
[01:51:23][jomini_eventmanager.cpp:590]: Events loaded events/bic_breakup.txt' #1
[01:51:23][jomini_eventmanager.cpp:637]: >=== NAMESPACE > 'boxer_rebellion_events' is set to #1100000
[01:51:23][jomini_eventmanager.cpp:590]: Events loaded events/boxer_rebellion_events.txt' #9
[01:51:23][jomini_eventmanager.cpp:637]: >=== NAMESPACE > 'raj' is set to #1110000
[01:51:23][jomini_eventmanager.cpp:590]: Events loaded events/british_raj_events.txt' #5
[01:51:23][jomini_eventmanager.cpp:637]: >=== NAMESPACE > 'bulgaria_events' is set to #1120000
[01:51:23][jomini_eventmanager.cpp:590]: Events loaded events/bulgaria_events.txt' #3
[01:51:23][jomini_eventmanager.cpp:637]: >=== NAMESPACE > 'can_aus' is set to #1130000
[01:51:23][jomini_eventmanager.cpp:590]: Events loaded events/canada_australia_events.txt' #8
[01:51:23][jomini_eventmanager.cpp:637]: >=== NAMESPACE > 'canal_events' is set to #1140000
[01:51:23][jomini_eventmanager.cpp:590]: Events loaded events/canal_events.txt' #10
[01:51:23][jomini_eventmanager.cpp:637]: >=== NAMESPACE > 'central_america' is set to #1150000
[01:51:23][jomini_eventmanager.cpp:590]: Events loaded events/central_america_events.txt' #3
[01:51:23][jomini_eventmanager.cpp:637]: >=== NAMESPACE > 'character_events' is set to #1160000
[01:51:23][jomini_eventmanager.cpp:590]: Events loaded events/character_events.txt' #5
[01:51:23][jomini_eventmanager.cpp:637]: >=== NAMESPACE > 'cholera' is set to #1170000
[01:51:23][jomini_eventmanager.cpp:590]: Events loaded events/cholera.txt' #1
[01:51:23][jomini_eventmanager.cpp:637]: >=== NAMESPACE > 'civil_war_events' is set to #1180000
[01:51:23][jomini_eventmanager.cpp:590]: Events loaded events/civil_war_events.txt' #1
[01:51:23][jomini_eventmanager.cpp:637]: >=== NAMESPACE > 'colonial_administration_events' is set to #1190000
[01:51:23][jomini_eventmanager.cpp:590]: Events loaded events/colonial_administration_events.txt' #2
[01:51:23][jomini_eventmanager.cpp:637]: >=== NAMESPACE > 'commander_events' is set to #1200000
[01:51:23][jomini_eventmanager.cpp:590]: Events loaded events/commander_events.txt' #4
[01:51:23][jomini_eventmanager.cpp:637]: >=== NAMESPACE > 'communism' is set to #1210000
[01:51:23][jomini_eventmanager.cpp:590]: Events loaded events/communism.txt' #11
[01:51:23][jomini_eventmanager.cpp:637]: >=== NAMESPACE > 'congo_free_state_events' is set to #1220000
[01:51:23][jomini_eventmanager.cpp:590]: Events loaded events/congo_free_state_events.txt' #6
[01:51:23][jomini_eventmanager.cpp:637]: >=== NAMESPACE > 'corn_laws' is set to #1230000
[01:51:23][jomini_eventmanager.cpp:590]: Events loaded events/corn_laws_events.txt' #4
[01:51:23][jomini_eventmanager.cpp:637]: >=== NAMESPACE > 'crime_events' is set to #1240000
[01:51:23][jomini_eventmanager.cpp:590]: Events loaded events/crime_events.txt' #6
[01:51:23][jomini_eventmanager.cpp:637]: >=== NAMESPACE > 'cultural_homeland_events' is set to #1250000
[01:51:23][jomini_eventmanager.cpp:590]: Events loaded events/cultural_homeland_events.txt' #6
[01:51:23][jomini_eventmanager.cpp:637]: >=== NAMESPACE > 'debug' is set to #1260000
[01:51:23][jomini_eventmanager.cpp:590]: Events loaded events/debug_events.txt' #24
[01:51:23][jomini_eventmanager.cpp:637]: >=== NAMESPACE > 'decree_events' is set to #1270000
[01:51:23][jomini_eventmanager.cpp:590]: Events loaded events/decree_events.txt' #6
[01:51:23][jomini_eventmanager.cpp:590]: Events loaded events/decree_events_02.txt' #10
[01:51:23][jomini_eventmanager.cpp:637]: >=== NAMESPACE > 'dei_breakup' is set to #1280000
[01:51:23][jomini_eventmanager.cpp:637]: >=== NAMESPACE > 'alk_breakup' is set to #1290000
[01:51:23][jomini_eventmanager.cpp:590]: Events loaded events/dei_breakup.txt' #2
[01:51:23][jomini_eventmanager.cpp:637]: >=== NAMESPACE > 'diplomatic_events' is set to #1300000
[01:51:23][jomini_eventmanager.cpp:590]: Events loaded events/diplomatic_events.txt' #1
[01:51:23][jomini_eventmanager.cpp:637]: >=== NAMESPACE > 'diplomatic_friction' is set to #1310000
[01:51:23][jomini_eventmanager.cpp:590]: Events loaded events/diplomatic_friction_events.txt' #4
[01:51:23][jomini_eventmanager.cpp:637]: >=== NAMESPACE > 'discrimination_events' is set to #1320000
[01:51:23][jomini_eventmanager.cpp:590]: Events loaded events/discrimination_events.txt' #4
[01:51:23][jomini_eventmanager.cpp:637]: >=== NAMESPACE > 'dreadnought_hoax' is set to #1330000
[01:51:23][jomini_eventmanager.cpp:590]: Events loaded events/dreadnought_hoax.txt' #1
[01:51:23][jomini_eventmanager.cpp:637]: >=== NAMESPACE > 'eafp_debug' is set to #1340000
[01:51:23][jomini_eventmanager.cpp:590]: Events loaded events/eafp_debug.txt' #3
[01:51:23][jomini_eventmanager.cpp:637]: >=== NAMESPACE > 'eastasian_expansionism_events' is set to #1350000
[01:51:23][jomini_eventmanager.cpp:590]: Events loaded events/eafp_eastasian_expansionism_events.txt' #8
[01:51:23][jomini_eventmanager.cpp:637]: >=== NAMESPACE > 'eafp_ryukyu' is set to #1360000
[01:51:23][jomini_eventmanager.cpp:590]: Events loaded events/eafp_ryukyu_events.txt' #9
[01:51:23][jomini_eventmanager.cpp:637]: >=== NAMESPACE > 'eafp_set_hierarchy_event' is set to #1370000
[01:51:23][jomini_eventmanager.cpp:590]: Events loaded events/eafp_set_hierarchy_events.txt' #2
[01:51:23][jomini_eventmanager.cpp:637]: >=== NAMESPACE > 'east_indies' is set to #1380000
[01:51:23][jomini_eventmanager.cpp:590]: Events loaded events/east_indies_je_events.txt' #3
[01:51:23][jomini_eventmanager.cpp:637]: >=== NAMESPACE > 'egyptian_crisis_events' is set to #1390000
[01:51:23][jomini_eventmanager.cpp:590]: Events loaded events/egyptian_crisis_events.txt' #3
[01:51:23][jomini_eventmanager.cpp:637]: >=== NAMESPACE > 'ethiopia' is set to #1400000
[01:51:23][jomini_eventmanager.cpp:590]: Events loaded events/ethiopia.txt' #1
[01:51:23][jomini_eventmanager.cpp:637]: >=== NAMESPACE > 'famine_political' is set to #1410000
[01:51:23][jomini_eventmanager.cpp:590]: Events loaded events/famine_political_events.txt' #5
[01:51:23][jomini_eventmanager.cpp:637]: >=== NAMESPACE > 'fascism_events' is set to #1420000
[01:51:23][jomini_eventmanager.cpp:590]: Events loaded events/fascism_events.txt' #10
[01:51:23][jomini_eventmanager.cpp:637]: >=== NAMESPACE > 'french_pretenders' is set to #1430000
[01:51:23][jomini_eventmanager.cpp:590]: Events loaded events/french_pretenders.txt' #8
[01:51:23][jomini_eventmanager.cpp:637]: >=== NAMESPACE > 'french_pretenders_pulse' is set to #1440000
[01:51:23][jomini_eventmanager.cpp:590]: Events loaded events/french_pretenders_pulse.txt' #15
[01:51:23][jomini_eventmanager.cpp:637]: >=== NAMESPACE > 'generals' is set to #1450000
[01:51:23][jomini_eventmanager.cpp:590]: Events loaded events/general_events.txt' #1
[01:51:23][jomini_eventmanager.cpp:637]: >=== NAMESPACE > 'german_unification' is set to #1460000
[01:51:23][jomini_eventmanager.cpp:590]: Events loaded events/german_unification.txt' #5
[01:51:23][jomini_eventmanager.cpp:637]: >=== NAMESPACE > 'goldrush' is set to #1470000
[01:51:23][jomini_eventmanager.cpp:590]: Events loaded events/gold_rush.txt' #7
[01:51:23][jomini_eventmanager.cpp:637]: >=== NAMESPACE > 'government_conflicts' is set to #1480000
[01:51:23][jomini_eventmanager.cpp:590]: Events loaded events/government_conflicts_events.txt' #11
[01:51:23][jomini_eventmanager.cpp:637]: >=== NAMESPACE > 'exhibition_events' is set to #1490000
[01:51:23][jomini_eventmanager.cpp:590]: Events loaded events/grand_exhibition_events.txt' #8
[01:51:23][jomini_eventmanager.cpp:637]: >=== NAMESPACE > 'greece' is set to #1500000
[01:51:23][jomini_eventmanager.cpp:590]: Events loaded events/greece_events.txt' #6
[01:51:23][jomini_eventmanager.cpp:637]: >=== NAMESPACE > 'hawaii_events' is set to #1510000
[01:51:23][jomini_eventmanager.cpp:590]: Events loaded events/hawaii_events.txt' #5
[01:51:23][jomini_eventmanager.cpp:637]: >=== NAMESPACE > 'heavenly' is set to #1520000
[01:51:23][jomini_eventmanager.cpp:637]: >=== NAMESPACE > 'CHI_missionaries' is set to #1530000
[01:51:23][jomini_eventmanager.cpp:590]: Events loaded events/heavenly_kingdom_events.txt' #27
[01:51:23][jomini_eventmanager.cpp:637]: >=== NAMESPACE > 'hispaniola_events' is set to #1540000
[01:51:23][jomini_eventmanager.cpp:590]: Events loaded events/hispaniola_events.txt' #5
[01:51:23][jomini_eventmanager.cpp:637]: >=== NAMESPACE > 'historical_events' is set to #1550000
[01:51:23][jomini_eventmanager.cpp:590]: Events loaded events/historical_events.txt' #1
[01:51:23][jomini_eventmanager.cpp:637]: >=== NAMESPACE > 'ig_leaders' is set to #1560000
[01:51:23][jomini_eventmanager.cpp:590]: Events loaded events/ig_leaders.txt' #7
[01:51:23][jomini_eventmanager.cpp:637]: >=== NAMESPACE > 'ig_petitions' is set to #1570000
[01:51:23][jomini_eventmanager.cpp:590]: Events loaded events/ig_petitions.txt' #8
[01:51:23][jomini_eventmanager.cpp:637]: >=== NAMESPACE > 'ig_revolutions' is set to #1580000
[01:51:23][jomini_eventmanager.cpp:590]: Events loaded events/ig_revolutions.txt' #9
[01:51:23][jomini_eventmanager.cpp:637]: >=== NAMESPACE > 'ig_suppression_events' is set to #1590000
[01:51:23][jomini_eventmanager.cpp:590]: Events loaded events/ig_suppression_events.txt' #10
[01:51:23][jomini_eventmanager.cpp:637]: >=== NAMESPACE > 'indochina' is set to #1600000
[01:51:23][jomini_eventmanager.cpp:590]: Events loaded events/indochina.txt' #4
[01:51:23][jomini_eventmanager.cpp:637]: >=== NAMESPACE > 'industrial_accident_events' is set to #1610000
[01:51:23][jomini_eventmanager.cpp:590]: Events loaded events/industrial_accidents_events.txt' #6
[01:51:23][jomini_eventmanager.cpp:637]: >=== NAMESPACE > 'italian_unification' is set to #1620000
[01:51:23][jomini_eventmanager.cpp:590]: Events loaded events/italian_unification.txt' #8
[01:51:23][jomini_eventmanager.cpp:637]: >=== NAMESPACE > 'marx_events' is set to #1630000
[01:51:23][jomini_eventmanager.cpp:590]: Events loaded events/karl_marx_events.txt' #1
[01:51:23][jomini_eventmanager.cpp:637]: >=== NAMESPACE > 'korea' is set to #1640000
[01:51:23][jomini_eventmanager.cpp:590]: Events loaded events/korea_events.txt' #1
[01:51:23][jomini_eventmanager.cpp:637]: >=== NAMESPACE > 'krakatoa' is set to #1650000
[01:51:23][jomini_eventmanager.cpp:590]: Events loaded events/krakatoa_events.txt' #5
[01:51:23][jomini_eventmanager.cpp:637]: >=== NAMESPACE > 'krakow' is set to #1660000
[01:51:23][jomini_eventmanager.cpp:637]: >=== NAMESPACE > 'galicia_formation' is set to #1670000
[01:51:23][jomini_eventmanager.cpp:590]: Events loaded events/krakow_events.txt' #3
[01:51:23][jomini_eventmanager.cpp:637]: >=== NAMESPACE > 'land_reclamation' is set to #1680000
[01:51:23][jomini_eventmanager.cpp:590]: Events loaded events/land_reclamation.txt' #1
[01:51:23][jomini_eventmanager.cpp:637]: >=== NAMESPACE > 'law_imposition_events' is set to #1690000
[01:51:23][jomini_eventmanager.cpp:590]: Events loaded events/law_imposition_events.txt' #3
[01:51:23][jomini_eventmanager.cpp:637]: >=== NAMESPACE > 'liberalism' is set to #1700000
[01:51:23][jomini_eventmanager.cpp:590]: Events loaded events/liberalism.txt' #4
[01:51:23][jomini_eventmanager.cpp:637]: >=== NAMESPACE > 'famine_events' is set to #1710000
[01:51:23][jomini_eventmanager.cpp:590]: Events loaded events/major_famine_events.txt' #2
[01:51:23][jomini_eventmanager.cpp:637]: >=== NAMESPACE > 'major_railways' is set to #1720000
[01:51:23][jomini_eventmanager.cpp:590]: Events loaded events/major_railways.txt' #3
[01:51:23][jomini_eventmanager.cpp:637]: >=== NAMESPACE > 'manifest_destiny' is set to #1730000
[01:51:23][jomini_eventmanager.cpp:590]: Events loaded events/manifest_destiny_events.txt' #3
[01:51:23][jomini_eventmanager.cpp:637]: >=== NAMESPACE > 'meiji' is set to #1740000
[01:51:23][jomini_eventmanager.cpp:590]: Events loaded events/meiji_restoration.txt' #14
[01:51:23][jomini_eventmanager.cpp:637]: >=== NAMESPACE > 'metro' is set to #1750000
[01:51:23][jomini_eventmanager.cpp:590]: Events loaded events/metro_events.txt' #1
[01:51:23][jomini_eventmanager.cpp:637]: >=== NAMESPACE > 'regional_events' is set to #1760000
[01:51:23][jomini_eventmanager.cpp:590]: Events loaded events/misc_regional_events.txt' #0
[01:51:23][jomini_eventmanager.cpp:637]: >=== NAMESPACE > 'formation' is set to #1770000
[01:51:23][jomini_eventmanager.cpp:590]: Events loaded events/misc_unifications.txt' #21
[01:51:23][jomini_eventmanager.cpp:637]: >=== NAMESPACE > 'movement_events' is set to #1780000
[01:51:23][jomini_eventmanager.cpp:590]: Events loaded events/movement_events.txt' #15
[01:51:23][jomini_eventmanager.cpp:637]: >=== NAMESPACE > 'native_resettlement' is set to #1790000
[01:51:23][jomini_eventmanager.cpp:590]: Events loaded events/native_resettlement.txt' #7
[01:51:23][jomini_eventmanager.cpp:637]: >=== NAMESPACE > 'natural_disaster_events' is set to #1800000
[01:51:23][jomini_eventmanager.cpp:590]: Events loaded events/natural_disasters_events.txt' #8
[01:51:23][jomini_eventmanager.cpp:637]: >=== NAMESPACE > 'neighbor_events' is set to #1810000
[01:51:23][jomini_eventmanager.cpp:590]: Events loaded events/neighbor_events.txt' #7
[01:51:23][jomini_eventmanager.cpp:637]: >=== NAMESPACE > 'nihilism' is set to #1820000
[01:51:23][jomini_eventmanager.cpp:590]: Events loaded events/nihilism.txt' #13
[01:51:23][jomini_eventmanager.cpp:637]: >=== NAMESPACE > 'obligation_events' is set to #1830000
[01:51:23][jomini_eventmanager.cpp:590]: Events loaded events/obligation_events.txt' #6
[01:51:23][jomini_eventmanager.cpp:637]: >=== NAMESPACE > 'oil_rush' is set to #1840000
[01:51:23][jomini_eventmanager.cpp:590]: Events loaded events/oil_rush_events.txt' #6
[01:51:23][jomini_eventmanager.cpp:637]: >=== NAMESPACE > 'opium_events' is set to #1850000
[01:51:23][jomini_eventmanager.cpp:590]: Events loaded events/opium_events.txt' #1
[01:51:23][jomini_eventmanager.cpp:637]: >=== NAMESPACE > 'opium_wars' is set to #1860000
[01:51:23][jomini_eventmanager.cpp:590]: Events loaded events/opium_wars_events.txt' #11
[01:51:23][jomini_eventmanager.cpp:637]: >=== NAMESPACE > 'oregon' is set to #1870000
[01:51:23][jomini_eventmanager.cpp:590]: Events loaded events/oregon_events.txt' #3
[01:51:23][jomini_eventmanager.cpp:637]: >=== NAMESPACE > 'oscar_wilde_events' is set to #1880000
[01:51:23][jomini_eventmanager.cpp:590]: Events loaded events/oscar_wilde.txt' #1
[01:51:23][jomini_eventmanager.cpp:637]: >=== NAMESPACE > 'paralegal_discrimination' is set to #1890000
[01:51:23][jomini_eventmanager.cpp:590]: Events loaded events/paralegal_discrimination_events.txt' #1
[01:51:23][jomini_eventmanager.cpp:637]: >=== NAMESPACE > 'patagonia' is set to #1900000
[01:51:23][jomini_eventmanager.cpp:590]: Events loaded events/patagonia.txt' #2
[01:51:23][jomini_eventmanager.cpp:637]: >=== NAMESPACE > 'peoples_springtime' is set to #1910000
[01:51:23][jomini_eventmanager.cpp:590]: Events loaded events/peoples_springtime.txt' #12
[01:51:23][jomini_eventmanager.cpp:637]: >=== NAMESPACE > 'pm_events' is set to #1920000
[01:51:23][jomini_eventmanager.cpp:590]: Events loaded events/pm_events.txt' #5
[01:51:23][jomini_eventmanager.cpp:637]: >=== NAMESPACE > 'poland_events' is set to #1930000
[01:51:23][jomini_eventmanager.cpp:590]: Events loaded events/poland_events.txt' #7
[01:51:23][jomini_eventmanager.cpp:637]: >=== NAMESPACE > 'prohibition' is set to #1940000
[01:51:23][jomini_eventmanager.cpp:590]: Events loaded events/prohibition_events.txt' #8
[01:51:23][jomini_eventmanager.cpp:637]: >=== NAMESPACE > 'prostitution' is set to #1950000
[01:51:23][jomini_eventmanager.cpp:590]: Events loaded events/prostitution_events.txt' #4
[01:51:23][jomini_eventmanager.cpp:637]: >=== NAMESPACE > 'psychology_events' is set to #1960000
[01:51:23][jomini_eventmanager.cpp:590]: Events loaded events/psychology_events.txt' #6
[01:51:23][jomini_eventmanager.cpp:637]: >=== NAMESPACE > 'red_scare' is set to #1970000
[01:51:23][jomini_eventmanager.cpp:590]: Events loaded events/red_scare_events.txt' #16
[01:51:23][jomini_eventmanager.cpp:637]: >=== NAMESPACE > 'resignation' is set to #1980000
[01:51:23][jomini_eventmanager.cpp:590]: Events loaded events/resignation.txt' #3
[01:51:23][jomini_eventmanager.cpp:637]: >=== NAMESPACE > 'romania' is set to #1990000
[01:51:23][jomini_eventmanager.cpp:590]: Events loaded events/romania_events.txt' #4
[01:51:23][jomini_eventmanager.cpp:637]: >=== NAMESPACE > 'wedding' is set to #2000000
[01:51:23][jomini_eventmanager.cpp:590]: Events loaded events/royal_wedding.txt' #3
[01:51:23][jomini_eventmanager.cpp:637]: >=== NAMESPACE > 'russia_monarchy' is set to #2010000
[01:51:23][jomini_eventmanager.cpp:637]: >=== NAMESPACE > 'great_reformer' is set to #2020000
[01:51:23][jomini_eventmanager.cpp:590]: Events loaded events/russia_events.txt' #12
[01:51:23][jomini_eventmanager.cpp:637]: >=== NAMESPACE > 'russo_chinese' is set to #2030000
[01:51:23][jomini_eventmanager.cpp:590]: Events loaded events/russo_chinese_events.txt' #4
[01:51:23][jomini_eventmanager.cpp:637]: >=== NAMESPACE > 'scotland_yard' is set to #2040000
[01:51:23][jomini_eventmanager.cpp:590]: Events loaded events/scotland_yard.txt' #1
[01:51:23][jomini_eventmanager.cpp:637]: >=== NAMESPACE > 'secession_events' is set to #2050000
[01:51:23][jomini_eventmanager.cpp:590]: Events loaded events/secession_situations.txt' #9
[01:51:23][jomini_eventmanager.cpp:637]: >=== NAMESPACE > 'sick_man' is set to #2060000
[01:51:23][jomini_eventmanager.cpp:590]: Events loaded events/sick_man_events.txt' #3
[01:51:23][jomini_eventmanager.cpp:637]: >=== NAMESPACE > 'skyscraper' is set to #2070000
[01:51:23][jomini_eventmanager.cpp:590]: Events loaded events/skyscraper_events.txt' #2
[01:51:23][jomini_eventmanager.cpp:637]: >=== NAMESPACE > 'slave_owner_paranoia_events' is set to #2080000
[01:51:23][jomini_eventmanager.cpp:590]: Events loaded events/slave_owner_paranoia_events.txt' #3
[01:51:23][jomini_eventmanager.cpp:637]: >=== NAMESPACE > 'slave_revolt' is set to #2090000
[01:51:23][jomini_eventmanager.cpp:590]: Events loaded events/slave_revolts.txt' #4
[01:51:23][jomini_eventmanager.cpp:637]: >=== NAMESPACE > 'south_america' is set to #2100000
[01:51:23][jomini_eventmanager.cpp:590]: Events loaded events/south_america_events.txt' #1
[01:51:23][jomini_eventmanager.cpp:637]: >=== NAMESPACE > 'plague' is set to #2110000
[01:51:23][jomini_eventmanager.cpp:590]: Events loaded events/spanish_flu_events.txt' #10
[01:51:23][jomini_eventmanager.cpp:637]: >=== NAMESPACE > 'spooky_halloween_events' is set to #2120000
[01:51:23][jomini_eventmanager.cpp:590]: Events loaded events/spooky_halloween_events.txt' #6
[01:51:23][jomini_eventmanager.cpp:637]: >=== NAMESPACE > 'sol_events' is set to #2130000
[01:51:23][jomini_eventmanager.cpp:590]: Events loaded events/standard_of_living_events.txt' #6
[01:51:23][jomini_eventmanager.cpp:637]: >=== NAMESPACE > 'strike' is set to #2140000
[01:51:23][jomini_eventmanager.cpp:590]: Events loaded events/strike_events.txt' #9
[01:51:23][jomini_eventmanager.cpp:637]: >=== NAMESPACE > 'suffragist_events' is set to #2150000
[01:51:23][jomini_eventmanager.cpp:590]: Events loaded events/suffragist_events.txt' #10
[01:51:23][jomini_eventmanager.cpp:637]: >=== NAMESPACE > 'sweden_monarchy' is set to #2160000
[01:51:23][jomini_eventmanager.cpp:637]: >=== NAMESPACE > 'sweden_migration' is set to #2170000
[01:51:23][jomini_eventmanager.cpp:637]: >=== NAMESPACE > 'sweden_law' is set to #2180000
[01:51:23][jomini_eventmanager.cpp:590]: Events loaded events/sweden_events.txt' #5
[01:51:23][jomini_eventmanager.cpp:637]: >=== NAMESPACE > 'tanzimat_events' is set to #2190000
[01:51:23][jomini_eventmanager.cpp:590]: Events loaded events/tanzimat_events.txt' #9
[01:51:23][jomini_eventmanager.cpp:637]: >=== NAMESPACE > 'technology_events' is set to #2200000
[01:51:23][jomini_eventmanager.cpp:590]: Events loaded events/technology_events.txt' #6
[01:51:23][jomini_eventmanager.cpp:637]: >=== NAMESPACE > 'test' is set to #2210000
[01:51:23][jomini_eventmanager.cpp:590]: Events loaded events/test_events.txt' #1
[01:51:23][jomini_eventmanager.cpp:637]: >=== NAMESPACE > 'texan_war_of_independence' is set to #2220000
[01:51:23][jomini_eventmanager.cpp:590]: Events loaded events/texan_war_of_independence_events.txt' #3
[01:51:23][jomini_eventmanager.cpp:637]: >=== NAMESPACE > 'tibet_expedition_events' is set to #2230000
[01:51:23][jomini_eventmanager.cpp:590]: Events loaded events/tibetan_expedition.txt' #22
[01:51:23][jomini_eventmanager.cpp:637]: >=== NAMESPACE > 'titanic' is set to #2240000
[01:51:23][jomini_eventmanager.cpp:590]: Events loaded events/titanic_events.txt' #3
[01:51:23][jomini_eventmanager.cpp:637]: >=== NAMESPACE > 'trade_route_events' is set to #2250000
[01:51:23][jomini_eventmanager.cpp:590]: Events loaded events/trade_route_events.txt' #5
[01:51:23][jomini_eventmanager.cpp:637]: >=== NAMESPACE > 'trains' is set to #2260000
[01:51:23][jomini_eventmanager.cpp:590]: Events loaded events/train_events.txt' #1
[01:51:23][jomini_eventmanager.cpp:637]: >=== NAMESPACE > 'treaty_of_london_events' is set to #2270000
[01:51:23][jomini_eventmanager.cpp:590]: Events loaded events/treaty_of_london_events.txt' #5
[01:51:23][jomini_eventmanager.cpp:637]: >=== NAMESPACE > 'treaty_port_inheritance_events' is set to #2280000
[01:51:23][jomini_eventmanager.cpp:590]: Events loaded events/treaty_port_inheritance_events.txt' #3
[01:51:23][jomini_eventmanager.cpp:637]: >=== NAMESPACE > 'tunguska' is set to #2290000
[01:51:23][jomini_eventmanager.cpp:590]: Events loaded events/tunguska.txt' #1
[01:51:23][jomini_eventmanager.cpp:637]: >=== NAMESPACE > 'urbanization_events' is set to #2300000
[01:51:23][jomini_eventmanager.cpp:590]: Events loaded events/urbanization_events.txt' #5
[01:51:23][jomini_eventmanager.cpp:637]: >=== NAMESPACE > 'utopian' is set to #2310000
[01:51:23][jomini_eventmanager.cpp:590]: Events loaded events/utopians.txt' #2
[01:51:23][jomini_eventmanager.cpp:637]: >=== NAMESPACE > 'vampire_panic' is set to #2320000
[01:51:23][jomini_eventmanager.cpp:590]: Events loaded events/vampire_panic_events.txt' #1
[01:51:23][jomini_eventmanager.cpp:637]: >=== NAMESPACE > 'veiled_protectorate' is set to #2330000
[01:51:23][jomini_eventmanager.cpp:590]: Events loaded events/veiled_protectorate_events.txt' #1
[01:51:23][jomini_eventmanager.cpp:637]: >=== NAMESPACE > 'victoria' is set to #2340000
[01:51:23][jomini_eventmanager.cpp:637]: >=== NAMESPACE > 'britain_monarchy' is set to #2350000
[01:51:23][jomini_eventmanager.cpp:590]: Events loaded events/victoria_events.txt' #3
[01:51:23][jomini_eventmanager.cpp:637]: >=== NAMESPACE > 'warlord_china_events' is set to #2360000
[01:51:23][jomini_eventmanager.cpp:590]: Events loaded events/warlord_china_events.txt' #14
[01:51:23][jomini_eventmanager.cpp:637]: >=== NAMESPACE > 'zanzibar' is set to #2370000
[01:51:23][jomini_eventmanager.cpp:590]: Events loaded events/zanzibar_events.txt' #6
[01:51:23][jomini_eventmanager.cpp:637]: >=== NAMESPACE > 'agitator_legal_events' is set to #2380000
[01:51:23][jomini_eventmanager.cpp:590]: Events loaded events/agitators_events/agitator_law_events_2.txt' #30
[01:51:23][jomini_eventmanager.cpp:637]: >=== NAMESPACE > 'agitators_election_events' is set to #2390000
[01:51:23][jomini_eventmanager.cpp:590]: Events loaded events/agitators_events/agitators_election_events.txt' #50
[01:51:23][jomini_eventmanager.cpp:637]: >=== NAMESPACE > 'agitators_law_events' is set to #2400000
[01:51:23][jomini_eventmanager.cpp:590]: Events loaded events/agitators_events/agitators_law_events.txt' #30
[01:51:23][jomini_eventmanager.cpp:637]: >=== NAMESPACE > 'algeria_events' is set to #2410000
[01:51:23][jomini_eventmanager.cpp:590]: Events loaded events/agitators_events/algeria_events.txt' #8
[01:51:23][jomini_eventmanager.cpp:637]: >=== NAMESPACE > 'coup_pulse_events' is set to #2420000
[01:51:23][jomini_eventmanager.cpp:637]: >=== NAMESPACE > 'coup_aftermath_events' is set to #2430000
[01:51:23][jomini_eventmanager.cpp:590]: Events loaded events/agitators_events/coup_events.txt' #14
[01:51:23][jomini_eventmanager.cpp:637]: >=== NAMESPACE > 'dreyfus' is set to #2440000
[01:51:23][jomini_eventmanager.cpp:590]: Events loaded events/agitators_events/dreyfus_events.txt' #9
[01:51:23][jomini_eventmanager.cpp:637]: >=== NAMESPACE > 'exiles_events' is set to #2450000
[01:51:23][jomini_eventmanager.cpp:590]: Events loaded events/agitators_events/exiles_events.txt' #11
[01:51:23][jomini_eventmanager.cpp:637]: >=== NAMESPACE > 'exiles_more_events' is set to #2460000
[01:51:23][jomini_eventmanager.cpp:590]: Events loaded events/agitators_events/exiles_events_02.txt' #10
[01:51:23][jomini_eventmanager.cpp:637]: >=== NAMESPACE > 'garibaldi_events' is set to #2470000
[01:51:23][jomini_eventmanager.cpp:590]: Events loaded events/agitators_events/garibaldi_events.txt' #4
[01:51:23][jomini_eventmanager.cpp:637]: >=== NAMESPACE > 'government_petition_events' is set to #2480000
[01:51:23][jomini_eventmanager.cpp:637]: >=== NAMESPACE > 'government_collapse' is set to #2490000
[01:51:23][jomini_eventmanager.cpp:590]: Events loaded events/agitators_events/government_petition_events.txt' #2
[01:51:23][jomini_eventmanager.cpp:637]: >=== NAMESPACE > 'historical_agitators' is set to #2500000
[01:51:23][jomini_eventmanager.cpp:590]: Events loaded events/agitators_events/historic_agitator_events.txt' #23
[01:51:23][jomini_eventmanager.cpp:637]: >=== NAMESPACE > 'land_ownership_law_events' is set to #2510000
[01:51:23][jomini_eventmanager.cpp:590]: Events loaded events/agitators_events/land_ownership_law_events.txt' #18
[01:51:23][jomini_eventmanager.cpp:637]: >=== NAMESPACE > 'luddite_law_events' is set to #2520000
[01:51:23][jomini_eventmanager.cpp:590]: Events loaded events/agitators_events/luddite_law_events.txt' #6
[01:51:23][jomini_eventmanager.cpp:637]: >=== NAMESPACE > 'natural_borders' is set to #2530000
[01:51:23][jomini_eventmanager.cpp:637]: >=== NAMESPACE > 'rhine_confederation' is set to #2540000
[01:51:23][jomini_eventmanager.cpp:590]: Events loaded events/agitators_events/natural_borders.txt' #6
[01:51:23][jomini_eventmanager.cpp:637]: >=== NAMESPACE > 'paris_commune' is set to #2550000
[01:51:23][jomini_eventmanager.cpp:590]: Events loaded events/agitators_events/paris_commune_events.txt' #5
[01:51:23][jomini_eventmanager.cpp:637]: >=== NAMESPACE > 'paris_commune_pulse_events' is set to #2560000
[01:51:23][jomini_eventmanager.cpp:590]: Events loaded events/agitators_events/paris_commune_pulse_events.txt' #16
[01:51:23][jomini_eventmanager.cpp:637]: >=== NAMESPACE > 'revolution_pulse1_events' is set to #2570000
[01:51:23][jomini_eventmanager.cpp:590]: Events loaded events/agitators_events/revolution_events_01.txt' #19
[01:51:23][jomini_eventmanager.cpp:637]: >=== NAMESPACE > 'revolution_pulse_events' is set to #2580000
[01:51:23][jomini_eventmanager.cpp:590]: Events loaded events/agitators_events/revolution_events_02.txt' #40
[01:51:23][jomini_eventmanager.cpp:637]: >=== NAMESPACE > 'revolution_pulse2_events' is set to #2590000
[01:51:23][jomini_eventmanager.cpp:590]: Events loaded events/agitators_events/revolution_events_03.txt' #9
[01:51:23][jomini_eventmanager.cpp:637]: >=== NAMESPACE > 'silkworm_diseases' is set to #2600000
[01:51:23][jomini_eventmanager.cpp:590]: Events loaded events/agitators_events/silkworm_diseases.txt' #9
[01:51:23][jomini_eventmanager.cpp:637]: >=== NAMESPACE > 'slave_revolt_events' is set to #2610000
[01:51:23][jomini_eventmanager.cpp:590]: Events loaded events/agitators_events/slave_revolt_events.txt' #1
[01:51:23][jomini_eventmanager.cpp:637]: >=== NAMESPACE > 'yeet_agitator_events' is set to #2620000
[01:51:23][jomini_eventmanager.cpp:590]: Events loaded events/agitators_events/yeet_agitator_events.txt' #3
[01:51:23][jomini_eventmanager.cpp:637]: >=== NAMESPACE > 'fsa_events' is set to #2630000
[01:51:23][jomini_eventmanager.cpp:590]: Events loaded events/american_civil_war/00_fsa_events.txt' #1
[01:51:23][jomini_eventmanager.cpp:637]: >=== NAMESPACE > 'acw_events' is set to #2640000
[01:51:23][jomini_eventmanager.cpp:590]: Events loaded events/american_civil_war/acw_events.txt' #8
[01:51:23][jomini_eventmanager.cpp:637]: >=== NAMESPACE > 'acw_followup_events' is set to #2650000
[01:51:23][jomini_eventmanager.cpp:590]: Events loaded events/american_civil_war/acw_followup_events.txt' #8
[01:51:23][jomini_eventmanager.cpp:637]: >=== NAMESPACE > 'acw_je_events' is set to #2660000
[01:51:23][jomini_eventmanager.cpp:590]: Events loaded events/american_civil_war/acw_je_events.txt' #4
[01:51:23][jomini_eventmanager.cpp:637]: >=== NAMESPACE > 'wild_west' is set to #2670000
[01:51:23][jomini_eventmanager.cpp:590]: Events loaded events/american_civil_war/acw_wild_west_events.txt' #3
[01:51:23][jomini_eventmanager.cpp:637]: >=== NAMESPACE > 'austria_events' is set to #2680000
[01:51:23][jomini_eventmanager.cpp:590]: Events loaded events/balkans_events/00_ip3_austria_events.txt' #5
[01:51:23][jomini_eventmanager.cpp:637]: >=== NAMESPACE > 'hungary_events' is set to #2690000
[01:51:23][jomini_eventmanager.cpp:590]: Events loaded events/balkans_events/00_ip3_hungary_events.txt' #12
[01:51:23][jomini_eventmanager.cpp:637]: >=== NAMESPACE > 'kaiserforum' is set to #2700000
[01:51:23][jomini_eventmanager.cpp:590]: Events loaded events/balkans_events/03_ip3_austria_events.txt' #10
[01:51:23][jomini_eventmanager.cpp:637]: >=== NAMESPACE > 'austrian_fascism' is set to #2710000
[01:51:23][jomini_eventmanager.cpp:590]: Events loaded events/balkans_events/04_ip3_austria_events.txt' #4
[01:51:23][jomini_eventmanager.cpp:637]: >=== NAMESPACE > 'austria_trialism' is set to #2720000
[01:51:23][jomini_eventmanager.cpp:637]: >=== NAMESPACE > 'austria_federation' is set to #2730000
[01:51:23][jomini_eventmanager.cpp:590]: Events loaded events/balkans_events/austria_federalism.txt' #19
[01:51:23][jomini_eventmanager.cpp:637]: >=== NAMESPACE > 'austria_germany' is set to #2740000
[01:51:23][jomini_eventmanager.cpp:590]: Events loaded events/balkans_events/austria_germany_events.txt' #1
[01:51:23][jomini_eventmanager.cpp:637]: >=== NAMESPACE > 'balkan_wars' is set to #2750000
[01:51:23][jomini_eventmanager.cpp:590]: Events loaded events/balkans_events/balkan_wars_events.txt' #14
[01:51:23][jomini_eventmanager.cpp:637]: >=== NAMESPACE > 'bavarocracy_events' is set to #2760000
[01:51:23][jomini_eventmanager.cpp:590]: Events loaded events/balkans_events/bavarocracy.txt' #2
[01:51:23][jomini_eventmanager.cpp:637]: >=== NAMESPACE > 'eastern_crisis' is set to #2770000
[01:51:23][jomini_eventmanager.cpp:590]: Events loaded events/balkans_events/eastern_crisis.txt' #3
[01:51:23][jomini_eventmanager.cpp:637]: >=== NAMESPACE > 'eastern_question_austria' is set to #2780000
[01:51:23][jomini_eventmanager.cpp:637]: >=== NAMESPACE > 'eastern_question_russia' is set to #2790000
[01:51:23][jomini_eventmanager.cpp:590]: Events loaded events/balkans_events/eastern_question.txt' #3
[01:51:23][jomini_eventmanager.cpp:637]: >=== NAMESPACE > 'grunderzeit' is set to #2800000
[01:51:23][jomini_eventmanager.cpp:590]: Events loaded events/balkans_events/grunderzeit.txt' #3
[01:51:23][jomini_eventmanager.cpp:637]: >=== NAMESPACE > 'hungry_forties' is set to #2810000
[01:51:23][jomini_eventmanager.cpp:590]: Events loaded events/balkans_events/hungry_forties.txt' #2
[01:51:23][jomini_eventmanager.cpp:637]: >=== NAMESPACE > 'metternich' is set to #2820000
[01:51:23][jomini_eventmanager.cpp:590]: Events loaded events/balkans_events/metternich.txt' #3
[01:51:23][jomini_eventmanager.cpp:637]: >=== NAMESPACE > 'montenegrin_raiding' is set to #2830000
[01:51:23][jomini_eventmanager.cpp:637]: >=== NAMESPACE > 'mon_state_formation' is set to #2840000
[01:51:23][jomini_eventmanager.cpp:590]: Events loaded events/balkans_events/montenegro_events.txt' #22
[01:51:23][jomini_eventmanager.cpp:637]: >=== NAMESPACE > 'national_awakening' is set to #2850000
[01:51:23][jomini_eventmanager.cpp:590]: Events loaded events/balkans_events/national_awakening.txt' #7
[01:51:23][jomini_eventmanager.cpp:637]: >=== NAMESPACE > 'ottoman_monarchs' is set to #2860000
[01:51:23][jomini_eventmanager.cpp:590]: Events loaded events/balkans_events/ottoman_events.txt' #2
[01:51:23][jomini_eventmanager.cpp:637]: >=== NAMESPACE > 'serbia' is set to #2870000
[01:51:23][jomini_eventmanager.cpp:637]: >=== NAMESPACE > 'serbian_throne' is set to #2880000
[01:51:23][jomini_eventmanager.cpp:590]: Events loaded events/balkans_events/serbia_events.txt' #15
[01:51:23][jomini_eventmanager.cpp:637]: >=== NAMESPACE > 'subjecthood_events' is set to #2890000
[01:51:23][jomini_eventmanager.cpp:590]: Events loaded events/balkans_events/subjecthood_events.txt' #5
[01:51:23][jomini_eventmanager.cpp:637]: >=== NAMESPACE > 'the_grand_collapse' is set to #2900000
[01:51:23][jomini_eventmanager.cpp:590]: Events loaded events/balkans_events/the_grand_collapse_events.txt' #5
[01:51:23][jomini_eventmanager.cpp:637]: >=== NAMESPACE > 'yugoslavia' is set to #2910000
[01:51:23][jomini_eventmanager.cpp:590]: Events loaded events/balkans_events/yugoslavia_events.txt' #2
[01:51:23][jomini_eventmanager.cpp:637]: >=== NAMESPACE > 'acre_dispute' is set to #2920000
[01:51:23][jomini_eventmanager.cpp:590]: Events loaded events/brazil/acre_dispute.txt' #4
[01:51:23][jomini_eventmanager.cpp:637]: >=== NAMESPACE > 'amazonas' is set to #2930000
[01:51:23][jomini_eventmanager.cpp:590]: Events loaded events/brazil/amazonas.txt' #8
[01:51:23][jomini_eventmanager.cpp:637]: >=== NAMESPACE > 'brazil_navy' is set to #2940000
[01:51:23][jomini_eventmanager.cpp:590]: Events loaded events/brazil/brazil_navy.txt' #4
[01:51:23][jomini_eventmanager.cpp:637]: >=== NAMESPACE > 'brazilian_minors' is set to #2950000
[01:51:23][jomini_eventmanager.cpp:590]: Events loaded events/brazil/brazilian_minors.txt' #4
[01:51:23][jomini_eventmanager.cpp:637]: >=== NAMESPACE > 'brazilian_slavery' is set to #2960000
[01:51:23][jomini_eventmanager.cpp:590]: Events loaded events/brazil/brazilian_slavery.txt' #13
[01:51:23][jomini_eventmanager.cpp:637]: >=== NAMESPACE > 'caudillo' is set to #2970000
[01:51:23][jomini_eventmanager.cpp:590]: Events loaded events/brazil/caudillo.txt' #6
[01:51:23][jomini_eventmanager.cpp:637]: >=== NAMESPACE > 'coffee_with_milk' is set to #2980000
[01:51:23][jomini_eventmanager.cpp:590]: Events loaded events/brazil/coffee_with_milk.txt' #16
[01:51:23][jomini_eventmanager.cpp:637]: >=== NAMESPACE > 'cristo_redentor' is set to #2990000
[01:51:23][jomini_eventmanager.cpp:590]: Events loaded events/brazil/cristo_redentor.txt' #2
[01:51:23][jomini_eventmanager.cpp:637]: >=== NAMESPACE > 'culture_brazil' is set to #3000000
[01:51:23][jomini_eventmanager.cpp:590]: Events loaded events/brazil/culture_brazil_events.txt' #7
[01:51:23][jomini_eventmanager.cpp:637]: >=== NAMESPACE > 'culture_south_america' is set to #3010000
[01:51:23][jomini_eventmanager.cpp:590]: Events loaded events/brazil/culture_south_america.txt' #4
[01:51:23][jomini_eventmanager.cpp:637]: >=== NAMESPACE > 'gran_colombia' is set to #3020000
[01:51:23][jomini_eventmanager.cpp:637]: >=== NAMESPACE > 'andean_federation' is set to #3030000
[01:51:23][jomini_eventmanager.cpp:637]: >=== NAMESPACE > 'la_plata' is set to #3040000
[01:51:23][jomini_eventmanager.cpp:590]: Events loaded events/brazil/gran_colombia.txt' #6
[01:51:23][jomini_eventmanager.cpp:637]: >=== NAMESPACE > 'bp1_misc' is set to #3050000
[01:51:23][jomini_eventmanager.cpp:590]: Events loaded events/brazil/misc_events.txt' #3
[01:51:23][jomini_eventmanager.cpp:637]: >=== NAMESPACE > 'paraguay' is set to #3060000
[01:51:23][jomini_eventmanager.cpp:590]: Events loaded events/brazil/paraguay.txt' #12
[01:51:23][jomini_eventmanager.cpp:637]: >=== NAMESPACE > 'bp1_patagonia' is set to #3070000
[01:51:23][jomini_eventmanager.cpp:590]: Events loaded events/brazil/patagonia_events.txt' #1
[01:51:23][jomini_eventmanager.cpp:637]: >=== NAMESPACE > 'pedro' is set to #3080000
[01:51:23][jomini_eventmanager.cpp:590]: Events loaded events/brazil/pedro_brazil_events.txt' #14
[01:51:23][jomini_eventmanager.cpp:637]: >=== NAMESPACE > 'peru_bolivia_events' is set to #3090000
[01:51:23][jomini_eventmanager.cpp:590]: Events loaded events/brazil/peru_bolivia.txt' #9
[01:51:23][jomini_eventmanager.cpp:637]: >=== NAMESPACE > 'positivism' is set to #3100000
[01:51:23][jomini_eventmanager.cpp:637]: >=== NAMESPACE > 'positivism_pulse' is set to #3110000
[01:51:23][jomini_eventmanager.cpp:590]: Events loaded events/brazil/positivism.txt' #9
[01:51:23][jomini_eventmanager.cpp:637]: >=== NAMESPACE > 'sa_migration' is set to #3120000
[01:51:23][jomini_eventmanager.cpp:590]: Events loaded events/brazil/south_america_migration.txt' #4
[01:51:23][jomini_eventmanager.cpp:637]: >=== NAMESPACE > 'BRZ_populism' is set to #3130000
[01:51:23][jomini_eventmanager.cpp:637]: >=== NAMESPACE > 'BRZ_vargas' is set to #3140000
[01:51:23][jomini_eventmanager.cpp:590]: Events loaded events/brazil/vargas.txt' #17
[01:51:23][jomini_eventmanager.cpp:637]: >=== NAMESPACE > 'eafp_event_rtc' is set to #3150000
[01:51:23][jomini_eventmanager.cpp:590]: Events loaded events/eafp_chi_events/eafp_LIA_RtC.txt' #3
[01:51:23][jomini_eventmanager.cpp:637]: >=== NAMESPACE > 'chinese_water_system' is set to #3160000
[01:51:23][jomini_eventmanager.cpp:590]: Events loaded events/eafp_chi_events/eafp_after_chinese_westernization_events.txt' #5
[01:51:23][jomini_eventmanager.cpp:637]: >=== NAMESPACE > 'chi_flavor' is set to #3170000
[01:51:23][jomini_eventmanager.cpp:590]: Events loaded events/eafp_chi_events/eafp_chi_flavor.txt' #11
[01:51:23][jomini_eventmanager.cpp:637]: >=== NAMESPACE > 'chi_military_headquarters' is set to #3180000
[01:51:23][jomini_eventmanager.cpp:590]: Events loaded events/eafp_chi_events/eafp_chi_military_headquarters_events.txt' #4
[01:51:23][jomini_eventmanager.cpp:637]: >=== NAMESPACE > 'chi_war_dynamism' is set to #3190000
[01:51:23][jomini_eventmanager.cpp:590]: Events loaded events/eafp_chi_events/eafp_chi_war_dynamism.txt' #3
[01:51:23][jomini_eventmanager.cpp:637]: >=== NAMESPACE > 'chinese_westernization' is set to #3200000
[01:51:23][jomini_eventmanager.cpp:590]: Events loaded events/eafp_chi_events/eafp_chinese_westernization_events.txt' #84
[01:51:23][jomini_eventmanager.cpp:637]: >=== NAMESPACE > 'dowager_cixi_events' is set to #3210000
[01:51:23][jomini_eventmanager.cpp:590]: Events loaded events/eafp_chi_events/eafp_dowager_cixi_events.txt' #12
[01:51:23][jomini_eventmanager.cpp:637]: >=== NAMESPACE > 'first_opium_war' is set to #3220000
[01:51:23][jomini_eventmanager.cpp:590]: Events loaded events/eafp_chi_events/eafp_first_opium_war_events.txt' #26
[01:51:23][jomini_eventmanager.cpp:637]: >=== NAMESPACE > 'hui_revolt' is set to #3230000
[01:51:23][jomini_eventmanager.cpp:590]: Events loaded events/eafp_chi_events/eafp_hui_revolt_events.txt' #14
[01:51:23][jomini_eventmanager.cpp:637]: >=== NAMESPACE > 'manchus_and_han_events' is set to #3240000
[01:51:23][jomini_eventmanager.cpp:590]: Events loaded events/eafp_chi_events/eafp_manchus_and_han_events.txt' #4
[01:51:23][jomini_eventmanager.cpp:637]: >=== NAMESPACE > 'nian_army' is set to #3250000
[01:51:23][jomini_eventmanager.cpp:590]: Events loaded events/eafp_chi_events/eafp_nian_army_events.txt' #12
[01:51:23][jomini_eventmanager.cpp:637]: >=== NAMESPACE > 'second_opium_war' is set to #3260000
[01:51:23][jomini_eventmanager.cpp:590]: Events loaded events/eafp_chi_events/eafp_second_opium_war_events.txt' #2
[01:51:23][jomini_eventmanager.cpp:637]: >=== NAMESPACE > 'khmer_issue_events' is set to #3270000
[01:51:23][jomini_eventmanager.cpp:590]: Events loaded events/eafp_dai_events/eafp_viet_event.txt' #2
[01:51:23][jomini_eventmanager.cpp:637]: >=== NAMESPACE > 'boshin_war' is set to #3280000
[01:51:23][jomini_eventmanager.cpp:590]: Events loaded events/eafp_jap_events/eafp_boshin_war.txt' #7
[01:51:23][jomini_eventmanager.cpp:637]: >=== NAMESPACE > 'formosa_expedition_events' is set to #3290000
[01:51:23][jomini_eventmanager.cpp:590]: Events loaded events/eafp_jap_events/eafp_formosa_expedition_events.txt' #2
[01:51:23][jomini_eventmanager.cpp:637]: >=== NAMESPACE > 'hanbatsu_oligarchy_events' is set to #3300000
[01:51:23][jomini_eventmanager.cpp:590]: Events loaded events/eafp_jap_events/eafp_hanbatsu_oligarchy_events.txt' #1
[01:51:23][jomini_eventmanager.cpp:637]: >=== NAMESPACE > 'hokkaido' is set to #3310000
[01:51:23][jomini_eventmanager.cpp:590]: Events loaded events/eafp_jap_events/eafp_hokkaido.txt' #6
[01:51:23][jomini_eventmanager.cpp:637]: >=== NAMESPACE > 'eafp_japan' is set to #3320000
[01:51:24][jomini_eventmanager.cpp:590]: Events loaded events/eafp_jap_events/eafp_japan.txt' #91
[01:51:24][jomini_eventmanager.cpp:637]: >=== NAMESPACE > 'karafuto_events' is set to #3330000
[01:51:24][jomini_eventmanager.cpp:590]: Events loaded events/eafp_jap_events/eafp_karafuto_events.txt' #1
[01:51:24][jomini_eventmanager.cpp:637]: >=== NAMESPACE > 'liberty_civil_right_movement_events' is set to #3340000
[01:51:24][jomini_eventmanager.cpp:590]: Events loaded events/eafp_jap_events/eafp_liberty_civil_right_movement_events.txt' #9
[01:51:24][jomini_eventmanager.cpp:637]: >=== NAMESPACE > 'eafp_jap_meiji_legacy' is set to #3350000
[01:51:24][jomini_eventmanager.cpp:590]: Events loaded events/eafp_jap_events/eafp_meiji_restoration_legacy.txt' #13
[01:51:24][jomini_eventmanager.cpp:637]: >=== NAMESPACE > 'seikanron_events' is set to #3360000
[01:51:24][jomini_eventmanager.cpp:590]: Events loaded events/eafp_jap_events/eafp_seikanron_events.txt' #13
[01:51:24][jomini_eventmanager.cpp:637]: >=== NAMESPACE > 'shinto_events' is set to #3370000
[01:51:24][jomini_eventmanager.cpp:590]: Events loaded events/eafp_jap_events/eafp_shinto_events.txt' #2
[01:51:24][jomini_eventmanager.cpp:637]: >=== NAMESPACE > 'tenpo_famine' is set to #3380000
[01:51:24][jomini_eventmanager.cpp:590]: Events loaded events/eafp_jap_events/eafp_tenpo_famine_events.txt' #7
[01:51:24][jomini_eventmanager.cpp:637]: >=== NAMESPACE > 'eafp_joseon_qing_war_events' is set to #3390000
[01:51:24][jomini_eventmanager.cpp:590]: Events loaded events/eafp_kor_events/eafp_joseon_qing_war_events.txt' #3
[01:51:24][jomini_eventmanager.cpp:637]: >=== NAMESPACE > 'eafp_kor_mainline' is set to #3400000
[01:51:24][jomini_eventmanager.cpp:590]: Events loaded events/eafp_kor_events/eafp_kor_mainline.txt' #138
[01:51:24][jomini_eventmanager.cpp:637]: >=== NAMESPACE > 'eafp_manchuria' is set to #3410000
[01:51:24][jomini_eventmanager.cpp:590]: Events loaded events/eafp_kor_events/eafp_kor_manchuria_events.txt' #3
[01:51:24][jomini_eventmanager.cpp:637]: >=== NAMESPACE > 'eafp_kor_foreign_mission' is set to #3420000
[01:51:24][jomini_eventmanager.cpp:590]: Events loaded events/eafp_kor_events/eafp_korean_foreign_mission_events.txt' #14
[01:51:24][jomini_eventmanager.cpp:637]: >=== NAMESPACE > 'eafp_korean_reformation_events' is set to #3430000
[01:51:24][jomini_eventmanager.cpp:637]: >=== NAMESPACE > 'seoul_improvement_project_events' is set to #3440000
[01:51:24][jomini_eventmanager.cpp:637]: >=== NAMESPACE > 'gunmin_dongchi_events' is set to #3450000
[01:51:24][jomini_eventmanager.cpp:590]: Events loaded events/eafp_kor_events/eafp_korean_reformation_events.txt' #48
[01:51:24][jomini_eventmanager.cpp:637]: >=== NAMESPACE > 'eafp_mgl' is set to #3460000
[01:51:24][jomini_eventmanager.cpp:590]: Events loaded events/eafp_mgl_events/eafp_mongolia_industry_and_crises.txt' #30
[01:51:24][jomini_eventtarget.cpp:694]: Failed to find a valid event target link 'infamy_value:infamous' at events/eafp_mgl_events/eafp_mongolia_politics.txt:413
[01:51:24][jomini_eventtarget.cpp:694]: Failed to find a valid event target link 'infamy_value:infamous' at events/eafp_mgl_events/eafp_mongolia_politics.txt:466
[01:51:24][jomini_eventmanager.cpp:590]: Events loaded events/eafp_mgl_events/eafp_mongolia_politics.txt' #27
[01:51:24][jomini_eventmanager.cpp:637]: >=== NAMESPACE > 'communist_elections' is set to #3470000
[01:51:24][jomini_eventmanager.cpp:637]: >=== NAMESPACE > 'cable_street' is set to #3480000
[01:51:24][jomini_eventmanager.cpp:590]: Events loaded events/election_events/communist_fascist_election_events.txt' #5
[01:51:24][jomini_eventmanager.cpp:637]: >=== NAMESPACE > 'election_conservative_events' is set to #3490000
[01:51:24][jomini_eventmanager.cpp:590]: Events loaded events/election_events/election_conservative_events.txt' #4
[01:51:24][jomini_eventmanager.cpp:637]: >=== NAMESPACE > 'election_contextual_events' is set to #3500000
[01:51:24][jomini_eventmanager.cpp:590]: Events loaded events/election_events/election_contextual_events.txt' #8
[01:51:24][jomini_eventmanager.cpp:637]: >=== NAMESPACE > 'election_generic' is set to #3510000
[01:51:24][jomini_eventmanager.cpp:590]: Events loaded events/election_events/election_generic_events.txt' #2
[01:51:24][jomini_eventmanager.cpp:637]: >=== NAMESPACE > 'election_liberal_events' is set to #3520000
[01:51:24][jomini_eventmanager.cpp:590]: Events loaded events/election_events/election_liberal_events.txt' #4
[01:51:24][jomini_eventmanager.cpp:637]: >=== NAMESPACE > 'election_moderate_events' is set to #3530000
[01:51:24][jomini_eventmanager.cpp:590]: Events loaded events/election_events/election_moderate_events.txt' #2
[01:51:24][jomini_eventmanager.cpp:637]: >=== NAMESPACE > 'election_neutral' is set to #3540000
[01:51:24][jomini_eventmanager.cpp:590]: Events loaded events/election_events/election_neutral_events.txt' #8
[01:51:24][jomini_eventmanager.cpp:637]: >=== NAMESPACE > 'election_other_parties_events' is set to #3550000
[01:51:24][jomini_eventmanager.cpp:590]: Events loaded events/election_events/election_other_parties_events.txt' #5
[01:51:24][jomini_eventmanager.cpp:637]: >=== NAMESPACE > 'cold' is set to #3560000
[01:51:24][jomini_eventmanager.cpp:590]: Events loaded events/expedition_events/antarctic_expedition_events.txt' #15
[01:51:24][jomini_eventmanager.cpp:637]: >=== NAMESPACE > 'expedition_events' is set to #3570000
[01:51:24][jomini_eventmanager.cpp:637]: >=== NAMESPACE > 'ai_expedition_simulator' is set to #3580000
[01:51:24][jomini_eventmanager.cpp:590]: Events loaded events/expedition_events/central_africa_expedition_events.txt' #15
[01:51:24][jomini_eventmanager.cpp:590]: Events loaded events/expedition_events/congo_river_expedition_events.txt' #19
[01:51:24][jomini_eventmanager.cpp:590]: Events loaded events/expedition_events/niger_river_expedition_events.txt' #31
[01:51:24][jomini_eventmanager.cpp:590]: Events loaded events/expedition_events/west_america_expedition_events.txt' #34
[01:51:24][jomini_eventmanager.cpp:637]: >=== NAMESPACE > 'after_revolution_technical' is set to #3590000
[01:51:24][jomini_eventmanager.cpp:590]: Events loaded events/iberia_events/after_revolution_technical.txt' #1
[01:51:24][jomini_eventmanager.cpp:637]: >=== NAMESPACE > 'carlist_war' is set to #3600000
[01:51:24][jomini_eventmanager.cpp:590]: Events loaded events/iberia_events/carlist_war_events.txt' #7
[01:51:24][jomini_eventmanager.cpp:637]: >=== NAMESPACE > 'cuba_independencia' is set to #3610000
[01:51:24][jomini_eventmanager.cpp:590]: Events loaded events/iberia_events/cuba_eventos.txt' #7
[01:51:24][jomini_eventmanager.cpp:637]: >=== NAMESPACE > 'cuba_events' is set to #3620000
[01:51:24][jomini_eventmanager.cpp:590]: Events loaded events/iberia_events/cuba_events.txt' #3
[01:51:24][jomini_eventmanager.cpp:637]: >=== NAMESPACE > 'dominican_events' is set to #3630000
[01:51:24][jomini_eventmanager.cpp:590]: Events loaded events/iberia_events/dominican_events.txt' #5
[01:51:24][jomini_eventmanager.cpp:637]: >=== NAMESPACE > 'iberia' is set to #3640000
[01:51:24][jomini_eventmanager.cpp:590]: Events loaded events/iberia_events/iberian_union_events.txt' #4
[01:51:24][jomini_eventmanager.cpp:637]: >=== NAMESPACE > 'independence' is set to #3650000
[01:51:24][jomini_eventmanager.cpp:590]: Events loaded events/iberia_events/independence.txt' #2
[01:51:24][jomini_eventmanager.cpp:637]: >=== NAMESPACE > 'anarchism_events' is set to #3660000
[01:51:24][jomini_eventmanager.cpp:590]: Events loaded events/iberia_events/ip4_anarchism_events.txt' #7
[01:51:24][jomini_eventmanager.cpp:637]: >=== NAMESPACE > 'ip4_coup' is set to #3670000
[01:51:24][jomini_eventmanager.cpp:590]: Events loaded events/iberia_events/ip4_coup_events.txt' #5
[01:51:24][jomini_eventmanager.cpp:637]: >=== NAMESPACE > 'spa_economic_regeneration_events' is set to #3680000
[01:51:24][jomini_eventmanager.cpp:590]: Events loaded events/iberia_events/ip4_economic_regeneration_events.txt' #6
[01:51:24][jomini_eventmanager.cpp:637]: >=== NAMESPACE > 'caciquismo' is set to #3690000
[01:51:24][jomini_eventmanager.cpp:590]: Events loaded events/iberia_events/ip4_election_rigging.txt' #2
[01:51:24][jomini_eventmanager.cpp:637]: >=== NAMESPACE > 'lusofonia' is set to #3700000
[01:51:24][jomini_eventmanager.cpp:590]: Events loaded events/iberia_events/ip4_lusosphere_events.txt' #4
[01:51:24][jomini_eventmanager.cpp:637]: >=== NAMESPACE > 'sagrada_familia' is set to #3710000
[01:51:24][jomini_eventmanager.cpp:637]: >=== NAMESPACE > 'pena_palace' is set to #3720000
[01:51:24][jomini_eventmanager.cpp:637]: >=== NAMESPACE > 'gran_teatro' is set to #3730000
[01:51:24][jomini_eventmanager.cpp:637]: >=== NAMESPACE > 'atocha_railway' is set to #3740000
[01:51:24][jomini_eventmanager.cpp:637]: >=== NAMESPACE > 'manila_cathedral' is set to #3750000
[01:51:24][jomini_eventmanager.cpp:590]: Events loaded events/iberia_events/ip4_monument_events.txt' #14
[01:51:24][jomini_eventmanager.cpp:637]: >=== NAMESPACE > 'devorismo' is set to #3760000
[01:51:24][jomini_eventmanager.cpp:637]: >=== NAMESPACE > 'second_liberalism' is set to #3770000
[01:51:24][jomini_eventmanager.cpp:637]: >=== NAMESPACE > 'portugal_regeneration' is set to #3780000
[01:51:24][jomini_eventmanager.cpp:590]: Events loaded events/iberia_events/ip4_portuguese_political_events.txt' #15
[01:51:24][jomini_eventmanager.cpp:637]: >=== NAMESPACE > 'spain_politics' is set to #3790000
[01:51:24][jomini_eventmanager.cpp:637]: >=== NAMESPACE > 'spain_provisional_government' is set to #3800000
[01:51:24][jomini_eventmanager.cpp:590]: Events loaded events/iberia_events/ip4_spanish_political_events.txt' #16
[01:51:24][jomini_eventmanager.cpp:637]: >=== NAMESPACE > 'lands_of_anarchy' is set to #3810000
[01:51:24][jomini_eventmanager.cpp:590]: Events loaded events/iberia_events/morocco_makhzen_events.txt' #5
[01:51:24][jomini_eventmanager.cpp:637]: >=== NAMESPACE > 'negotiation' is set to #3820000
[01:51:24][jomini_eventmanager.cpp:590]: Events loaded events/iberia_events/negotiation_events.txt' #1
[01:51:24][jomini_eventmanager.cpp:637]: >=== NAMESPACE > 'philippines' is set to #3830000
[01:51:24][jomini_eventmanager.cpp:590]: Events loaded events/iberia_events/philippines_events.txt' #10
[01:51:24][jomini_eventmanager.cpp:637]: >=== NAMESPACE > 'portugal_single_fire_events' is set to #3840000
[01:51:24][jomini_eventmanager.cpp:590]: Events loaded events/iberia_events/portugal_single_fire_events_1.txt' #6
[01:51:24][jomini_eventmanager.cpp:637]: >=== NAMESPACE > 'portuguese_colonialism' is set to #3850000
[01:51:24][jomini_eventmanager.cpp:590]: Events loaded events/iberia_events/portuguese_colonialism_events.txt' #11
[01:51:24][jomini_eventmanager.cpp:637]: >=== NAMESPACE > 'portuguese_monarchs' is set to #3860000
[01:51:24][jomini_eventmanager.cpp:590]: Events loaded events/iberia_events/portuguese_monarchy_events.txt' #4
[01:51:24][jomini_eventmanager.cpp:637]: >=== NAMESPACE > 'regency' is set to #3870000
[01:51:24][jomini_eventmanager.cpp:590]: Events loaded events/iberia_events/regency_events.txt' #3
[01:51:24][jomini_eventmanager.cpp:637]: >=== NAMESPACE > 'spanish_africa' is set to #3880000
[01:51:24][jomini_eventmanager.cpp:590]: Events loaded events/iberia_events/spanish_africa_events.txt' #10
[01:51:24][jomini_eventmanager.cpp:637]: >=== NAMESPACE > 'spanish_events' is set to #3890000
[01:51:24][jomini_eventmanager.cpp:590]: Events loaded events/iberia_events/spanish_events.txt' #3
[01:51:24][jomini_eventmanager.cpp:637]: >=== NAMESPACE > 'spanish_new_world_events' is set to #3900000
[01:51:24][jomini_eventmanager.cpp:590]: Events loaded events/iberia_events/spanish_new_world_events.txt' #5
[01:51:24][jomini_eventmanager.cpp:637]: >=== NAMESPACE > 'struggle_for_the_highveld' is set to #3910000
[01:51:24][jomini_eventmanager.cpp:590]: Events loaded events/iberia_events/struggle_for_the_highveld_events.txt' #7
[01:51:24][jomini_eventmanager.cpp:637]: >=== NAMESPACE > 'subject_interactions' is set to #3920000
[01:51:24][jomini_eventmanager.cpp:590]: Events loaded events/iberia_events/subject_interaction_evts.txt' #2
[01:51:24][jomini_eventmanager.cpp:637]: >=== NAMESPACE > 'two_spains' is set to #3930000
[01:51:24][jomini_eventmanager.cpp:590]: Events loaded events/iberia_events/two_spains_events.txt' #5
[01:51:24][jomini_eventmanager.cpp:637]: >=== NAMESPACE > 'vernacular_events' is set to #3940000
[01:51:24][jomini_eventmanager.cpp:590]: Events loaded events/iberia_events/vernacular_events.txt' #3
[01:51:24][jomini_eventmanager.cpp:637]: >=== NAMESPACE > 'british_dictates' is set to #3950000
[01:51:24][jomini_eventmanager.cpp:590]: Events loaded events/india_events/british_dictates.txt' #4
[01:51:24][jomini_eventmanager.cpp:637]: >=== NAMESPACE > 'caste_conflict' is set to #3960000
[01:51:24][jomini_eventmanager.cpp:590]: Events loaded events/india_events/caste_conflict.txt' #5
[01:51:24][jomini_eventmanager.cpp:637]: >=== NAMESPACE > 'communal_divides_events' is set to #3970000
[01:51:24][jomini_eventmanager.cpp:590]: Events loaded events/india_events/communal_divides_events.txt' #6
[01:51:24][jomini_eventmanager.cpp:637]: >=== NAMESPACE > 'federation_of_india' is set to #3980000
[01:51:24][jomini_eventmanager.cpp:590]: Events loaded events/india_events/federation_of_india.txt' #4
[01:51:24][jomini_eventmanager.cpp:637]: >=== NAMESPACE > 'india_home_rule_events' is set to #3990000
[01:51:24][jomini_eventmanager.cpp:590]: Events loaded events/india_events/india_home_rule_events.txt' #11
[01:51:24][jomini_eventmanager.cpp:637]: >=== NAMESPACE > 'india_events' is set to #4000000
[01:51:24][jomini_eventmanager.cpp:590]: Events loaded events/india_events/india_misc_events.txt' #18
[01:51:24][jomini_eventmanager.cpp:637]: >=== NAMESPACE > 'india_nationalism_events' is set to #4010000
[01:51:24][jomini_eventmanager.cpp:590]: Events loaded events/india_events/india_nationalism_events.txt' #7
[01:51:24][jomini_eventmanager.cpp:637]: >=== NAMESPACE > 'india_non_cooperation' is set to #4020000
[01:51:24][jomini_eventmanager.cpp:590]: Events loaded events/india_events/india_non_cooperation.txt' #7
[01:51:24][jomini_eventmanager.cpp:637]: >=== NAMESPACE > 'india_railway' is set to #4030000
[01:51:24][jomini_eventmanager.cpp:590]: Events loaded events/india_events/india_railway.txt' #5
[01:51:24][jomini_eventmanager.cpp:637]: >=== NAMESPACE > 'indian_famines' is set to #4040000
[01:51:24][jomini_eventmanager.cpp:590]: Events loaded events/india_events/indian_famines.txt' #4
[01:51:24][jomini_eventmanager.cpp:637]: >=== NAMESPACE > 'jail' is set to #4050000
[01:51:24][jomini_eventmanager.cpp:590]: Events loaded events/india_events/jail.txt' #1
[01:51:24][jomini_eventmanager.cpp:637]: >=== NAMESPACE > 'mughal' is set to #4060000
[01:51:24][jomini_eventmanager.cpp:590]: Events loaded events/india_events/mughal_events.txt' #7
[01:51:24][jomini_eventmanager.cpp:637]: >=== NAMESPACE > 'princely_state_creation' is set to #4070000
[01:51:24][jomini_eventmanager.cpp:590]: Events loaded events/india_events/princely_state_creation.txt' #5
[01:51:24][jomini_eventmanager.cpp:637]: >=== NAMESPACE > 'princely_states' is set to #4080000
[01:51:24][jomini_eventmanager.cpp:590]: Events loaded events/india_events/princely_states.txt' #5
[01:51:24][jomini_eventmanager.cpp:637]: >=== NAMESPACE > 'sepoy_mutiny_events' is set to #4090000
[01:51:24][jomini_eventmanager.cpp:590]: Events loaded events/india_events/sepoy_mutiny_events.txt' #10
[01:51:24][jomini_eventmanager.cpp:637]: >=== NAMESPACE > 'set_hierarchy_event' is set to #4100000
[01:51:24][jomini_eventmanager.cpp:590]: Events loaded events/india_events/set_hierarchy_events.txt' #3
[01:51:24][jomini_eventmanager.cpp:637]: >=== NAMESPACE > 'sikh_empire' is set to #4110000
[01:51:24][jomini_eventmanager.cpp:590]: Events loaded events/india_events/sikh_empire.txt' #11
[01:51:24][jomini_eventmanager.cpp:637]: >=== NAMESPACE > 'utilitarian' is set to #4120000
[01:51:24][jomini_eventmanager.cpp:590]: Events loaded events/india_events/utilitarian.txt' #10
[01:51:24][jomini_eventmanager.cpp:637]: >=== NAMESPACE > 'victoria_terminus' is set to #4130000
[01:51:24][jomini_eventmanager.cpp:590]: Events loaded events/india_events/victoria_terminus.txt' #2
[01:51:24][jomini_eventmanager.cpp:637]: >=== NAMESPACE > 'ezo_republic' is set to #4140000
[01:51:24][jomini_eventmanager.cpp:590]: Events loaded events/japan_events/ep2_ezo_republic.txt' #2
[01:51:24][jomini_eventmanager.cpp:637]: >=== NAMESPACE > 'hokkaido_events' is set to #4150000
[01:51:24][jomini_eventmanager.cpp:590]: Events loaded events/japan_events/ep2_hokkaido_events.txt' #8
[01:51:24][jomini_eventmanager.cpp:637]: >=== NAMESPACE > 'japan_monarchy' is set to #4160000
[01:51:24][jomini_eventmanager.cpp:590]: Events loaded events/japan_events/ep2_imperial_events.txt' #6
[01:51:24][jomini_eventmanager.cpp:637]: >=== NAMESPACE > 'iwakura_mission' is set to #4170000
[01:51:24][jomini_eventmanager.cpp:590]: Events loaded events/japan_events/ep2_iwakura_events.txt' #8
[01:51:24][jomini_eventmanager.cpp:637]: >=== NAMESPACE > 'japan_earthquakes' is set to #4180000
[01:51:24][jomini_eventmanager.cpp:590]: Events loaded events/japan_events/ep2_japan_earthquake_events.txt' #5
[01:51:24][jomini_eventmanager.cpp:637]: >=== NAMESPACE > 'japan_events' is set to #4190000
[01:51:24][jomini_eventmanager.cpp:590]: Events loaded events/japan_events/ep2_japan_events.txt' #5
[01:51:24][jomini_eventmanager.cpp:590]: Events loaded events/japan_events/ep2_japan_events_03.txt' #5
[01:51:24][jomini_eventmanager.cpp:637]: >=== NAMESPACE > 'japan_politics' is set to #4200000
[01:51:24][jomini_eventmanager.cpp:590]: Events loaded events/japan_events/ep2_japan_political_events.txt' #3
[01:51:24][jomini_eventmanager.cpp:637]: >=== NAMESPACE > 'korea_colonization' is set to #4210000
[01:51:24][jomini_eventmanager.cpp:590]: Events loaded events/japan_events/ep2_korea_colonization.txt' #2
[01:51:24][jomini_eventmanager.cpp:637]: >=== NAMESPACE > 'ep2_meiji' is set to #4220000
[01:51:24][jomini_eventmanager.cpp:637]: >=== NAMESPACE > 'ep2_meiji_pulse' is set to #4230000
[01:51:24][jomini_eventmanager.cpp:590]: Events loaded events/japan_events/ep2_meiji_restoration.txt' #23
[01:51:24][jomini_eventmanager.cpp:637]: >=== NAMESPACE > 'ep2_sakoku' is set to #4240000
[01:51:24][jomini_eventmanager.cpp:590]: Events loaded events/japan_events/ep2_sakoku_events.txt' #4
[01:51:24][jomini_eventmanager.cpp:637]: >=== NAMESPACE > 'shogunate' is set to #4250000
[01:51:24][jomini_eventmanager.cpp:590]: Events loaded events/japan_events/ep2_shogunate_events.txt' #8
[01:51:24][jomini_eventmanager.cpp:637]: >=== NAMESPACE > 'tenpo_events' is set to #4260000
[01:51:24][jomini_eventmanager.cpp:590]: Events loaded events/japan_events/ep2_tenpo_events.txt' #8
[01:51:24][jomini_eventmanager.cpp:637]: >=== NAMESPACE > 'zaibatsu' is set to #4270000
[01:51:24][jomini_eventmanager.cpp:590]: Events loaded events/japan_events/ep2_zaibatsu_events.txt' #2
[01:51:24][jomini_eventmanager.cpp:637]: >=== NAMESPACE > 'japan_religion' is set to #4280000
[01:51:24][jomini_eventmanager.cpp:590]: Events loaded events/japan_events/japan_religion_events.txt' #13
[01:51:24][jomini_eventmanager.cpp:637]: >=== NAMESPACE > 'ryukyu_rivalry' is set to #4290000
[01:51:24][jomini_eventmanager.cpp:590]: Events loaded events/japan_events/ryukyu_rivalry_events.txt' #8
[01:51:24][jomini_eventmanager.cpp:637]: >=== NAMESPACE > 'anarchy' is set to #4300000
[01:51:24][jomini_eventmanager.cpp:590]: Events loaded events/law_events/anarchy_law.txt' #3
[01:51:24][jomini_eventmanager.cpp:637]: >=== NAMESPACE > 'anti_state_religion' is set to #4310000
[01:51:24][jomini_eventmanager.cpp:590]: Events loaded events/law_events/anti_state_religion_law_events.txt' #3
[01:51:24][jomini_eventmanager.cpp:637]: >=== NAMESPACE > 'bureaucracy' is set to #4320000
[01:51:24][jomini_eventmanager.cpp:590]: Events loaded events/law_events/bureaucracy.txt' #3
[01:51:24][jomini_eventmanager.cpp:637]: >=== NAMESPACE > 'children_rights_events' is set to #4330000
[01:51:24][jomini_eventmanager.cpp:590]: Events loaded events/law_events/children_rights_events.txt' #6
[01:51:24][jomini_eventmanager.cpp:637]: >=== NAMESPACE > 'citizenship_laws' is set to #4340000
[01:51:24][jomini_eventmanager.cpp:590]: Events loaded events/law_events/citizenship_laws.txt' #6
[01:51:24][jomini_eventmanager.cpp:637]: >=== NAMESPACE > 'colonization' is set to #4350000
[01:51:24][jomini_eventmanager.cpp:590]: Events loaded events/law_events/colonization_laws.txt' #4
[01:51:24][jomini_eventmanager.cpp:637]: >=== NAMESPACE > 'conscription_laws' is set to #4360000
[01:51:24][jomini_eventmanager.cpp:590]: Events loaded events/law_events/conscription_laws.txt' #3
[01:51:24][jomini_eventmanager.cpp:637]: >=== NAMESPACE > 'corporate_state' is set to #4370000
[01:51:24][jomini_eventmanager.cpp:590]: Events loaded events/law_events/corporate_state_events.txt' #6
[01:51:24][jomini_eventmanager.cpp:637]: >=== NAMESPACE > 'council_republic_law_events' is set to #4380000
[01:51:24][jomini_eventmanager.cpp:590]: Events loaded events/law_events/council_republic_law_events.txt' #3
[01:51:24][jomini_eventmanager.cpp:637]: >=== NAMESPACE > 'distribution_of_power_laws' is set to #4390000
[01:51:24][jomini_eventmanager.cpp:590]: Events loaded events/law_events/distribution_of_power_laws.txt' #12
[01:51:24][jomini_eventmanager.cpp:637]: >=== NAMESPACE > 'economy_laws' is set to #4400000
[01:51:24][jomini_eventmanager.cpp:590]: Events loaded events/law_events/economy_laws.txt' #6
[01:51:24][jomini_eventmanager.cpp:637]: >=== NAMESPACE > 'education_laws' is set to #4410000
[01:51:24][jomini_eventmanager.cpp:590]: Events loaded events/law_events/education_laws.txt' #6
[01:51:24][jomini_eventmanager.cpp:637]: >=== NAMESPACE > 'free_speech_laws' is set to #4420000
[01:51:24][jomini_eventmanager.cpp:590]: Events loaded events/law_events/free_speech_laws.txt' #6
[01:51:24][jomini_eventmanager.cpp:637]: >=== NAMESPACE > 'healthcare_laws' is set to #4430000
[01:51:24][jomini_eventmanager.cpp:590]: Events loaded events/law_events/healthcare_laws.txt' #6
[01:51:24][jomini_eventmanager.cpp:637]: >=== NAMESPACE > 'internal_security_events' is set to #4440000
[01:51:24][jomini_eventmanager.cpp:590]: Events loaded events/law_events/internal_security_events.txt' #6
[01:51:24][jomini_eventmanager.cpp:637]: >=== NAMESPACE > 'isolation' is set to #4450000
[01:51:24][jomini_eventmanager.cpp:590]: Events loaded events/law_events/isolationism_law.txt' #2
[01:51:24][jomini_eventmanager.cpp:637]: >=== NAMESPACE > 'labor_rights' is set to #4460000
[01:51:24][jomini_eventmanager.cpp:590]: Events loaded events/law_events/labor_rights_laws.txt' #6
[01:51:24][jomini_eventmanager.cpp:637]: >=== NAMESPACE > 'labour_associations_events' is set to #4470000
[01:51:24][jomini_eventmanager.cpp:590]: Events loaded events/law_events/labour_associations_events.txt' #9
[01:51:24][jomini_eventmanager.cpp:637]: >=== NAMESPACE > 'law_events' is set to #4480000
[01:51:24][jomini_eventmanager.cpp:590]: Events loaded events/law_events/law_events.txt' #3
[01:51:24][jomini_eventmanager.cpp:637]: >=== NAMESPACE > 'generic_laws' is set to #4490000
[01:51:24][jomini_eventmanager.cpp:590]: Events loaded events/law_events/law_events_01.txt' #12
[01:51:24][jomini_eventmanager.cpp:637]: >=== NAMESPACE > 'law_notification' is set to #4500000
[01:51:24][jomini_eventmanager.cpp:590]: Events loaded events/law_events/law_notification.txt' #4
[01:51:24][jomini_eventmanager.cpp:637]: >=== NAMESPACE > 'laws' is set to #4510000
[01:51:24][jomini_eventmanager.cpp:590]: Events loaded events/law_events/laws.txt' #1
[01:51:24][jomini_eventmanager.cpp:637]: >=== NAMESPACE > 'laws_police' is set to #4520000
[01:51:24][jomini_eventmanager.cpp:590]: Events loaded events/law_events/laws_police.txt' #3
[01:51:24][jomini_eventmanager.cpp:637]: >=== NAMESPACE > 'migration_laws' is set to #4530000
[01:51:24][jomini_eventmanager.cpp:590]: Events loaded events/law_events/migration_laws.txt' #6
[01:51:24][jomini_eventmanager.cpp:637]: >=== NAMESPACE > 'monarchy_law_events' is set to #4540000
[01:51:24][jomini_eventmanager.cpp:590]: Events loaded events/law_events/monarchy_laws.txt' #4
[01:51:24][jomini_eventmanager.cpp:637]: >=== NAMESPACE > 'republic_laws' is set to #4550000
[01:51:24][jomini_eventmanager.cpp:590]: Events loaded events/law_events/republic_laws.txt' #3
[01:51:24][jomini_eventmanager.cpp:637]: >=== NAMESPACE > 'rights_of_women_laws' is set to #4560000
[01:51:24][jomini_eventmanager.cpp:590]: Events loaded events/law_events/rights_of_women_laws.txt' #7
[01:51:24][jomini_eventmanager.cpp:637]: >=== NAMESPACE > 'single_party_state' is set to #4570000
[01:51:24][jomini_eventmanager.cpp:590]: Events loaded events/law_events/single_party_state_laws.txt' #7
[01:51:24][jomini_eventmanager.cpp:637]: >=== NAMESPACE > 'slavery_law_events' is set to #4580000
[01:51:24][jomini_eventmanager.cpp:590]: Events loaded events/law_events/slavery_laws.txt' #7
[01:51:24][jomini_eventmanager.cpp:637]: >=== NAMESPACE > 'state_atheism' is set to #4590000
[01:51:24][jomini_eventmanager.cpp:590]: Events loaded events/law_events/state_atheism.txt' #6
[01:51:24][jomini_eventmanager.cpp:637]: >=== NAMESPACE > 'tax' is set to #4600000
[01:51:24][jomini_eventmanager.cpp:590]: Events loaded events/law_events/tax_laws.txt' #6
[01:51:24][jomini_eventmanager.cpp:637]: >=== NAMESPACE > 'technocracy' is set to #4610000
[01:51:24][jomini_eventmanager.cpp:590]: Events loaded events/law_events/technocracy_law.txt' #4
[01:51:24][jomini_eventmanager.cpp:637]: >=== NAMESPACE > 'theocracy' is set to #4620000
[01:51:24][jomini_eventmanager.cpp:590]: Events loaded events/law_events/theocracy.txt' #3
[01:51:24][jomini_eventmanager.cpp:637]: >=== NAMESPACE > 'unable_to_enact' is set to #4630000
[01:51:24][jomini_eventmanager.cpp:590]: Events loaded events/law_events/unable_to_enact_events.txt' #2
[01:51:24][jomini_eventmanager.cpp:637]: >=== NAMESPACE > 'welfare_laws' is set to #4640000
[01:51:24][jomini_eventmanager.cpp:590]: Events loaded events/law_events/welfare_laws_events.txt' #9
[01:51:24][jomini_eventmanager.cpp:637]: >=== NAMESPACE > 'earn_recognition_events' is set to #4650000
[01:51:24][jomini_eventmanager.cpp:590]: Events loaded events/soi_events/00_earn_recognition_events.txt' #1
[01:51:24][jomini_eventmanager.cpp:637]: >=== NAMESPACE > 'gg_afghanistan' is set to #4660000
[01:51:24][jomini_eventmanager.cpp:590]: Events loaded events/soi_events/00_ep1_afghanistan_events.txt' #7
[01:51:24][jomini_eventmanager.cpp:637]: >=== NAMESPACE > 'caucasuswar' is set to #4670000
[01:51:24][jomini_eventmanager.cpp:637]: >=== NAMESPACE > 'caucasuswar_end' is set to #4680000
[01:51:24][jomini_eventmanager.cpp:637]: >=== NAMESPACE > 'caucasus_expulsions' is set to #4690000
[01:51:24][jomini_eventmanager.cpp:590]: Events loaded events/soi_events/00_ep1_caucasus_events.txt' #18
[01:51:24][jomini_eventmanager.cpp:637]: >=== NAMESPACE > 'gg_core' is set to #4700000
[01:51:24][jomini_eventmanager.cpp:590]: Events loaded events/soi_events/00_ep1_great_game_events.txt' #4
[01:51:24][jomini_eventmanager.cpp:637]: >=== NAMESPACE > 'kazakhstan_events' is set to #4710000
[01:51:24][jomini_eventmanager.cpp:637]: >=== NAMESPACE > 'russian_central_asia' is set to #4720000
[01:51:24][jomini_eventmanager.cpp:590]: Events loaded events/soi_events/00_ep1_kazakh_events.txt' #11
[01:51:24][jomini_eventmanager.cpp:637]: >=== NAMESPACE > 'gg_korea' is set to #4730000
[01:51:24][jomini_eventmanager.cpp:637]: >=== NAMESPACE > 'korea_monarchy' is set to #4740000
[01:51:24][jomini_eventmanager.cpp:590]: Events loaded events/soi_events/00_ep1_korea_events.txt' #14
[01:51:24][jomini_eventmanager.cpp:637]: >=== NAMESPACE > 'persia_events' is set to #4750000
[01:51:24][jomini_eventmanager.cpp:590]: Events loaded events/soi_events/00_ep1_persia_events.txt' #8
[01:51:24][jomini_eventmanager.cpp:637]: >=== NAMESPACE > 'lobby_events' is set to #4760000
[01:51:24][jomini_eventmanager.cpp:590]: Events loaded events/soi_events/00_lobbies_events_01.txt' #10
[01:51:24][jomini_eventmanager.cpp:590]: Events loaded events/soi_events/00_lobbies_events_03.txt' #20
[01:51:24][jomini_eventmanager.cpp:637]: >=== NAMESPACE > 'lobby_core' is set to #4770000
[01:51:24][jomini_eventmanager.cpp:637]: >=== NAMESPACE > 'lobby_proposal' is set to #4780000
[01:51:24][jomini_eventmanager.cpp:637]: >=== NAMESPACE > 'fund_lobbies_events' is set to #4790000
[01:51:24][jomini_eventmanager.cpp:590]: Events loaded events/soi_events/00_lobbies_events_04.txt' #30
[01:51:24][jomini_eventmanager.cpp:637]: >=== NAMESPACE > 'aviation' is set to #4800000
[01:51:24][jomini_eventmanager.cpp:590]: Events loaded events/tech_events/aviation.txt' #1
[01:51:24][jomini_eventmanager.cpp:637]: >=== NAMESPACE > 'camera_film_pm_events' is set to #4810000
[01:51:24][jomini_eventmanager.cpp:590]: Events loaded events/tech_events/camera_film_pm_events.txt' #2
[01:51:24][jomini_eventmanager.cpp:637]: >=== NAMESPACE > 'military_tech_events' is set to #4820000
[01:51:24][jomini_eventmanager.cpp:637]: >=== NAMESPACE > 'flamethrowers_event' is set to #4830000
[01:51:24][jomini_eventmanager.cpp:590]: Events loaded events/tech_events/military_tech_events.txt' #5
[01:51:24][jomini_eventmanager.cpp:637]: >=== NAMESPACE > 'naval_tech_events' is set to #4840000
[01:51:24][jomini_eventmanager.cpp:590]: Events loaded events/tech_events/naval_tech_events.txt' #5
[01:51:24][jomini_eventmanager.cpp:637]: >=== NAMESPACE > 'nursing_events' is set to #4850000
[01:51:24][jomini_eventmanager.cpp:590]: Events loaded events/tech_events/nursing_events.txt' #4
[01:51:24][jomini_eventmanager.cpp:637]: >=== NAMESPACE > 'production_tech_events' is set to #4860000
[01:51:24][jomini_eventmanager.cpp:590]: Events loaded events/tech_events/production_tech_events.txt' #13
[01:51:24][jomini_eventmanager.cpp:637]: >=== NAMESPACE > 'rubber_events' is set to #4870000
[01:51:24][jomini_eventmanager.cpp:590]: Events loaded events/tech_events/rubber_events.txt' #2
[01:51:24][jomini_eventmanager.cpp:637]: >=== NAMESPACE > 'society_tech_events' is set to #4880000
[01:51:24][jomini_eventmanager.cpp:637]: >=== NAMESPACE > 'dan_society_tech_events' is set to #4890000
[01:51:24][jomini_eventmanager.cpp:637]: >=== NAMESPACE > 'dt_society_events' is set to #4900000
[01:51:24][jomini_eventmanager.cpp:590]: Events loaded events/tech_events/society_tech_events.txt' #8
[01:51:24][jomini_eventmanager.cpp:637]: >=== NAMESPACE > 'trench_warfare' is set to #4910000
[01:51:24][jomini_eventmanager.cpp:590]: Events loaded events/tech_events/trench_warfare.txt' #1
[01:51:24][jomini_eventmanager.cpp:637]: >=== NAMESPACE > 'war_crimes' is set to #4920000
[01:51:24][jomini_eventmanager.cpp:590]: Events loaded events/tech_events/war_crimes_events.txt' #2
[01:51:24][jomini_eventmanager.cpp:597]: >>> Total of : 2917
[01:51:24][character_templates_utils.cpp:1795]: Missing localization key for character first name eikichi, reverting to random name
[01:51:24][character_templates_utils.cpp:1795]: Missing localization key for character first name tadakuni, reverting to random name
[01:51:24][character_templates_utils.cpp:1795]: Missing localization key for character first name tadakuni, reverting to random name
[01:51:24][character_templates_utils.cpp:1795]: Missing localization key for character first name tadaakira, reverting to random name
[01:51:24][character_templates_utils.cpp:1814]: Missing localization key for character last name so, reverting to random name
[01:51:24][character_templates_utils.cpp:1814]: Missing localization key for character last name so, reverting to random name
[01:51:24][character_templates_utils.cpp:1814]: Missing localization key for character last name so, reverting to random name
[01:51:24][character_templates_utils.cpp:1814]: Missing localization key for character last name hijikata, reverting to random name
[01:51:24][character_templates_utils.cpp:1795]: Missing localization key for character first name shodo, reverting to random name
[01:51:24][character_templates_utils.cpp:1795]: Missing localization key for character first name tadaakira, reverting to random name
[01:51:24][character_templates_utils.cpp:1795]: Missing localization key for character first name shodo, reverting to random name
[01:51:24][character_templates_utils.cpp:1795]: Missing localization key for character first name eikichi, reverting to random name
[01:51:26][character_traits.cpp:256]: Character Trait is missing loc key! Trait: kor_hwan_slot_1
[01:51:26][character_traits.cpp:256]: Character Trait is missing loc key! Trait: kor_hwan_slot_2
[01:51:26][character_traits.cpp:256]: Character Trait is missing loc key! Trait: kor_hwan_slot_3
[01:51:26][character_traits.cpp:256]: Character Trait is missing loc key! Trait: kor_hwan_slot_4
[01:51:26][character_traits.cpp:256]: Character Trait is missing loc key! Trait: kor_hwan_slot_5
[01:51:26][character_traits.cpp:256]: Character Trait is missing loc key! Trait: kor_hwan_slot_6
[01:51:26][journal_entry_type.cpp:219]: Journal Entry Type je_bakuhantaisei need to belong to a group!
[01:51:26][journal_entry_type.cpp:328]: JE je_bakuhantaisei is contextless but has no should_be_involved trigger, this will make every country in the world involved and should not be done. perhaps you meant it to be country context in journal_entry_groups?
[01:51:26][journal_entry_type.cpp:219]: Journal Entry Type je_bakuhantaisei_TOHOKU need to belong to a group!
[01:51:26][journal_entry_type.cpp:328]: JE je_bakuhantaisei_TOHOKU is contextless but has no should_be_involved trigger, this will make every country in the world involved and should not be done. perhaps you meant it to be country context in journal_entry_groups?
[01:51:26][journal_entry_type.cpp:219]: Journal Entry Type je_bakuhantaisei_KANTO need to belong to a group!
[01:51:26][journal_entry_type.cpp:328]: JE je_bakuhantaisei_KANTO is contextless but has no should_be_involved trigger, this will make every country in the world involved and should not be done. perhaps you meant it to be country context in journal_entry_groups?
[01:51:26][journal_entry_type.cpp:219]: Journal Entry Type je_bakuhantaisei_CHUBU need to belong to a group!
[01:51:26][journal_entry_type.cpp:328]: JE je_bakuhantaisei_CHUBU is contextless but has no should_be_involved trigger, this will make every country in the world involved and should not be done. perhaps you meant it to be country context in journal_entry_groups?
[01:51:26][journal_entry_type.cpp:219]: Journal Entry Type je_bakuhantaisei_KANSAI need to belong to a group!
[01:51:26][journal_entry_type.cpp:328]: JE je_bakuhantaisei_KANSAI is contextless but has no should_be_involved trigger, this will make every country in the world involved and should not be done. perhaps you meant it to be country context in journal_entry_groups?
[01:51:26][journal_entry_type.cpp:219]: Journal Entry Type je_bakuhantaisei_KYUSHU need to belong to a group!
[01:51:26][journal_entry_type.cpp:328]: JE je_bakuhantaisei_KYUSHU is contextless but has no should_be_involved trigger, this will make every country in the world involved and should not be done. perhaps you meant it to be country context in journal_entry_groups?
[01:51:26][journal_entry_type.cpp:219]: Journal Entry Type je_bakuhantaisei_CHUGOKU need to belong to a group!
[01:51:26][journal_entry_type.cpp:328]: JE je_bakuhantaisei_CHUGOKU is contextless but has no should_be_involved trigger, this will make every country in the world involved and should not be done. perhaps you meant it to be country context in journal_entry_groups?
[01:51:26][journal_entry_type.cpp:219]: Journal Entry Type je_bakuhantaisei_SHIKOKU need to belong to a group!
[01:51:26][journal_entry_type.cpp:328]: JE je_bakuhantaisei_SHIKOKU is contextless but has no should_be_involved trigger, this will make every country in the world involved and should not be done. perhaps you meant it to be country context in journal_entry_groups?
[01:51:26][journal_entry_type.cpp:471]: Journal entry is missing loc for je_chinese_missions_goal
[01:51:26][journal_entry_type.cpp:485]: Journal entry is missing loc for je_xinhai_revolution
[01:51:26][journal_entry_type.cpp:490]: Journal entry is missing loc for je_xinhai_revolution_reason!
[01:51:26][journal_entry_type.cpp:485]: Journal entry is missing loc for je_xinhai_revolution_kmt
[01:51:26][journal_entry_type.cpp:490]: Journal entry is missing loc for je_xinhai_revolution_kmt_reason!
[01:51:26][journal_entry_type.cpp:471]: Journal entry is missing loc for je_bakufu_seisaku_junochisui_goal
[01:51:26][journal_entry_type.cpp:471]: Journal entry is missing loc for je_bakufu_seisaku_agechirei_goal
[01:51:26][journal_entry_type.cpp:471]: Journal entry is missing loc for je_bakufu_seisaku_kokishukusei_goal
[01:51:26][journal_entry_type.cpp:471]: Journal entry is missing loc for je_chinese_educational_mission_goal
[01:51:26][journal_entry_type.cpp:476]: Journal entry has redundant loc for je_dowager_cixi_goal
[01:51:26][journal_entry_type.cpp:490]: Journal entry is missing loc for je_hui_revolt_pre_reason!
[01:51:26][journal_entry_type.cpp:476]: Journal entry has redundant loc for je_bakuhantaisei_goal
[01:51:26][journal_entry_type.cpp:476]: Journal entry has redundant loc for je_formosa_expedition_goal
[01:51:26][journal_entry_type.cpp:476]: Journal entry has redundant loc for je_korean_kings_health_goal
[01:51:26][journal_entry_type.cpp:476]: Journal entry has redundant loc for je_yangjeon_goal
[01:51:26][journal_entry_type.cpp:476]: Journal entry has redundant loc for je_korean_imsul_boom_goal
[01:51:26][journal_entry_type.cpp:476]: Journal entry has redundant loc for je_king_cheoljong_education_goal
[01:51:26][journal_entry_type.cpp:476]: Journal entry has redundant loc for je_korean_regent_goal
[01:51:26][journal_entry_type.cpp:476]: Journal entry has redundant loc for je_korean_regent_inactive_goal
[01:51:26][journal_entry_type.cpp:476]: Journal entry has redundant loc for je_sedo_politics_goal
[01:51:26][journal_entry_type.cpp:476]: Journal entry has redundant loc for je_korean_confu_goal
[01:51:26][journal_entry_type.cpp:476]: Journal entry has redundant loc for je_rlg_seoul_gyeongbokgung_poor_goal
[01:51:26][journal_entry_type.cpp:476]: Journal entry has redundant loc for je_seoul_improvement_project_goal
[01:51:26][journal_entry_type.cpp:485]: Journal entry is missing loc for je_gando_ambition
[01:51:26][journal_entry_type.cpp:490]: Journal entry is missing loc for je_gando_ambition_reason!
[01:51:26][journal_entry_type.cpp:476]: Journal entry has redundant loc for je_provisional_presidency_ysk_goal
[01:51:26][journal_entry_type.cpp:476]: Journal entry has redundant loc for je_provisional_presidency_sys_goal
[01:51:26][journal_entry_type.cpp:485]: Journal entry is missing loc for je_scholar_bureaucrats
[01:51:26][journal_entry_type.cpp:490]: Journal entry is missing loc for je_scholar_bureaucrats_reason!
[01:51:26][journal_entry_type.cpp:471]: Journal entry is missing loc for je_reconstruct_summer_palace_goal
[01:51:26][journal_entry_type.cpp:476]: Journal entry has redundant loc for je_eafp_taiwan_pioneer_goal
[01:51:26][power_bloc_statue_hero_type.cpp:141]: Identity 'identity_eafp_mandate_of_heaven' is not default for any hero!
[01:51:26][power_bloc_statue_hero_type.cpp:141]: Identity 'identity_eafp_chinese_interregnum' is not default for any hero!
[01:51:26][power_bloc_statue_pedestal_type.cpp:62]: Identity 'identity_eafp_mandate_of_heaven' is not default for any pedestal!
[01:51:26][power_bloc_statue_pedestal_type.cpp:62]: Identity 'identity_eafp_chinese_interregnum' is not default for any pedestal!
[01:51:26][diplomatic_action_type.cpp:105]: colony lacks an evaluation_chance block, which means the AI will never use it
[01:51:26][diplomatic_action_type.cpp:105]: military_headquarters_china lacks an evaluation_chance block, which means the AI will never use it
[01:51:26][diplomatic_action_type.cpp:105]: protectorate lacks an evaluation_chance block, which means the AI will never use it
[01:51:26][diplomatic_action_type.cpp:105]: puppet lacks an evaluation_chance block, which means the AI will never use it
[01:51:26][diplomatic_action_type.cpp:105]: dominion lacks an evaluation_chance block, which means the AI will never use it
[01:51:26][diplomatic_action_type.cpp:105]: tributary lacks an evaluation_chance block, which means the AI will never use it
[01:51:26][diplomatic_action_type.cpp:105]: chartered_company lacks an evaluation_chance block, which means the AI will never use it
[01:51:26][diplomatic_action_type.cpp:105]: crown_land lacks an evaluation_chance block, which means the AI will never use it
[01:51:26][diplomatic_action_type.cpp:105]: personal_union lacks an evaluation_chance block, which means the AI will never use it
[01:51:26][diplomatic_action_type.cpp:105]: colonization_rights lacks an evaluation_chance block, which means the AI will never use it
[01:51:26][diplomatic_action_type.cpp:105]: raiding_pact lacks an evaluation_chance block, which means the AI will never use it
[01:51:26][diplomatic_action_type.cpp:105]: vassal lacks an evaluation_chance block, which means the AI will never use it
[01:51:26][diplomatic_action_type.cpp:105]: disapproval_pact lacks an evaluation_chance block, which means the AI will never use it
[01:51:26][diplomatic_action_type.cpp:105]: war_reparations lacks an evaluation_chance block, which means the AI will never use it
[01:51:26][diplomatic_action_type.cpp:105]: humiliation lacks an evaluation_chance block, which means the AI will never use it
[01:51:27][jomini_script_system.cpp:247]: Script system error!
  Error: has_potential_resource trigger [ target: Not found in database class CBuildingDatabase ]
  Script location: events/eafp_jap_events/eafp_japan.txt:6132

[01:51:27][jomini_script_system.cpp:247]: Script system error!
  Error: has_potential_resource trigger [ target: Not found in database class CBuildingDatabase ]
  Script location: events/eafp_jap_events/eafp_japan.txt:6152

[01:51:27][jomini_script_system.cpp:247]: Script system error!
  Error: has_interest_marker_in_region trigger [ Invalid strategic region 'region_japan' ]
  Script location: events/eafp_jap_events/eafp_japan.txt:7560

[01:51:27][jomini_script_system.cpp:247]: Script system error!
  Error: has_interest_marker_in_region trigger [ Invalid strategic region 'region_japan' ]
  Script location: events/eafp_jap_events/eafp_japan.txt:7568

[01:51:27][jomini_script_system.cpp:247]: Script system error!
  Error: has_interest_marker_in_region trigger [ Invalid strategic region 'region_japan' ]
  Script location: events/eafp_jap_events/eafp_japan.txt:7612

[01:51:27][jomini_script_system.cpp:247]: Script system error!
  Error: has_interest_marker_in_region trigger [ Invalid strategic region 'region_japan' ]
  Script location: events/eafp_jap_events/eafp_japan.txt:7633

[01:51:27][jomini_script_system.cpp:247]: Script system error!
  Error: has_interest_marker_in_region trigger [ Invalid strategic region 'region_japan' ]
  Script location: events/eafp_jap_events/eafp_japan.txt:7838

[01:51:27][jomini_script_system.cpp:247]: Script system error!
  Error: has_interest_marker_in_region trigger [ Invalid strategic region 'region_japan' ]
  Script location: events/eafp_jap_events/eafp_japan.txt:7859

[01:51:27][jomini_script_system.cpp:247]: Script system error!
  Error: has_interest_marker_in_region trigger [ Invalid strategic region 'region_japan' ]
  Script location: events/eafp_jap_events/eafp_japan.txt:7932

[01:51:27][jomini_script_system.cpp:247]: Script system error!
  Error: has_interest_marker_in_region trigger [ Invalid strategic region 'region_japan' ]
  Script location: events/eafp_jap_events/eafp_japan.txt:7953

[01:51:27][jomini_script_system.cpp:247]: Script system error!
  Error: has_interest_marker_in_region trigger [ Invalid strategic region 'region_japan' ]
  Script location: events/eafp_jap_events/eafp_liberty_civil_right_movement_events.txt:220

[01:51:27][jomini_script_system.cpp:247]: Script system error!
  Error: has_interest_marker_in_region trigger [ Invalid strategic region 'region_japan' ]
  Script location: events/eafp_jap_events/eafp_liberty_civil_right_movement_events.txt:237

[01:51:27][jomini_script_system.cpp:247]: Script system error!
  Error: has_building trigger [ Invalid database object 'building_gaudi_gyeong' ]
  Script location: events/eafp_kor_events/eafp_kor_mainline.txt:2707

[01:51:27][jomini_script_system.cpp:247]: Script system error!
  Error: has_building trigger [ Invalid database object 'building_gaudi_gyeong' ]
  Script location: events/eafp_kor_events/eafp_kor_mainline.txt:2716

[01:51:27][jomini_script_system.cpp:247]: Script system error!
  Error: any_scope_state trigger [ Filter should only be used if a percent or count = all is specified ]
  Script location: common/scripted_triggers/eafp_mongolia_triggers.txt:52

[01:51:27][jomini_script_system.cpp:247]: Script system error!
  Error: is_political_movement_type trigger [ Invalid database object 'eafp_movement_sonno_joi' ]
  Script location: common/on_actions/japan_code_on_actions.txt:1150

[01:51:27][jomini_script_system.cpp:247]: Script system error!
  Error: has_potential_resource trigger [ target: Not found in database class CBuildingDatabase ]
  Script location: common/scripted_buttons/eafp_japan_buttons.txt:230

[01:51:27][jomini_script_system.cpp:247]: Script system error!
  Error: custom_tooltip trigger [ Unknown loc key war_with_china_not_korea_tt ]
  Script location: common/scripted_buttons/eafp_korean_reformation_buttons.txt:223

[01:51:27][jomini_script_system.cpp:247]: Script system error!
  Error: custom_tooltip trigger [ Unknown loc key owes_korea_obligation_tt ]
  Script location: common/scripted_buttons/eafp_korean_reformation_buttons.txt:231

[01:51:27][jomini_script_system.cpp:247]: Script system error!
  Error: is_political_movement_type trigger [ Invalid database object 'eafp_movement_sonno_joi' ]
  Script location: common/journal_entries/eafp_japan.txt:1803

[01:51:27][jomini_script_system.cpp:247]: Script system error!
  Error: is_political_movement_type trigger [ Invalid database object 'eafp_movement_sonno_joi' ]
  Script location: common/journal_entries/eafp_japan.txt:1846

[01:51:27][jomini_script_system.cpp:247]: Script system error!
  Error: any_scope_state trigger [ Filter should only be used if a percent or count = all is specified ]
  Script location: common/journal_entries/eafp_mongolia_journal_entries.txt:70

[01:51:27][jomini_script_system.cpp:247]: Script system error!
  Error: has_interest_marker_in_region trigger [ Invalid strategic region 'region_japan' ]
  Script location: common/company_types/eafp_companies_japan.txt:23

[01:51:28][state_region_template.cpp:1551]: Invalid sea state region INJECT:STATE_CHUBU: has 0 provinces but must have exactly one
[01:51:28][state_region_template.cpp:1551]: Invalid sea state region INJECT:STATE_CHUGOKU: has 0 provinces but must have exactly one
[01:51:29][state_region_template.cpp:1765]: State Region is missing a strategic region! StateRegion: INJECT:STATE_CHUBU (781)
[01:51:29][state_region_template.cpp:1765]: State Region is missing a strategic region! StateRegion: INJECT:STATE_CHUGOKU (782)
[01:51:29][eventtargetlinks.cpp:137]: Invalid database object key 'region_japan' file location: common/script_values/earp_jap_values.txt:420
[01:51:29][eventtargetlinks.cpp:137]: Invalid database object key 'region_japan' file location: common/script_values/earp_jap_values.txt:429
[01:51:29][eventtargetlinks.cpp:137]: Invalid database object key 'ideology_kaikakuha' file location: common/scripted_triggers/eafp_jap_triggers.txt:3
[01:51:29][eventtargetlinks.cpp:137]: Invalid database object key 'ideology_hitotsubashiha' file location: common/scripted_triggers/eafp_jap_triggers.txt:4
[01:51:29][eventtargetlinks.cpp:137]: Invalid database object key 'ideology_hoshuha' file location: common/scripted_triggers/eafp_jap_triggers.txt:10
[01:51:29][eventtargetlinks.cpp:137]: Invalid database object key 'ideology_nankiha' file location: common/scripted_triggers/eafp_jap_triggers.txt:11
[01:51:29][eventtargetlinks.cpp:137]: Invalid database object key 'ideology_kaikakuha' file location: common/scripted_effects/eafp_japan_effects.txt:23
[01:51:29][eventtargetlinks.cpp:137]: Invalid database object key 'ideology_hitotsubashiha' file location: common/scripted_effects/eafp_japan_effects.txt:26
[01:51:29][eventtargetlinks.cpp:137]: Invalid database object key 'ideology_hoshuha' file location: common/scripted_effects/eafp_japan_effects.txt:34
[01:51:29][eventtargetlinks.cpp:137]: Invalid database object key 'ideology_nankiha' file location: common/scripted_effects/eafp_japan_effects.txt:37
[01:51:29][eventtargetlinks.cpp:137]: Invalid database object key 'donghak' file location: common/ideologies/eafp_leader_ideologies.txt:1055
[01:51:29][eventtargetlinks.cpp:137]: Invalid database object key 'region_japan' file location: events/eafp_debug.txt:33
[01:51:29][eventtargetlinks.cpp:137]: Invalid database object key 'law_one_party_state' file location: events/warlord_china_events.txt:69
[01:51:29][eventtargetlinks.cpp:4498]: Failed to find country! Country: NIP, File Location: events/eafp_jap_events/eafp_boshin_war.txt:63
[01:51:29][eventtargetlinks.cpp:137]: Invalid database object key 'eafp_movement_sonno_joi' file location: events/eafp_jap_events/eafp_boshin_war.txt:67
[01:51:29][eventtargetlinks.cpp:4498]: Failed to find country! Country: NIP, File Location: events/eafp_jap_events/eafp_boshin_war.txt:107
[01:51:29][eventtargetlinks.cpp:137]: Invalid database object key 'eafp_movement_sonno_joi' file location: events/eafp_jap_events/eafp_boshin_war.txt:111
[01:51:29][eventtargetlinks.cpp:4498]: Failed to find country! Country: NIP, File Location: events/eafp_jap_events/eafp_boshin_war.txt:143
[01:51:29][eventtargetlinks.cpp:137]: Invalid database object key 'eafp_movement_sonno_joi' file location: events/eafp_jap_events/eafp_boshin_war.txt:147
[01:51:29][eventtargetlinks.cpp:137]: Invalid database object key 'law_chusei' file location: common/on_actions/japan_code_on_actions.txt:1123
[01:51:29][eventtargetlinks.cpp:4498]: Failed to find country! Country: NIP, File Location: common/on_actions/japan_code_on_actions.txt:1254
[01:51:29][eventtargetlinks.cpp:4498]: Failed to find country! Country: NIP, File Location: common/on_actions/japan_code_on_actions.txt:1268
[01:51:29][eventtargetlinks.cpp:137]: Invalid database object key 'region_east_siberia' file location: common/scripted_buttons/eafp_04_russia_buttons.txt:738
[01:51:29][eventtargetlinks.cpp:4498]: Failed to find country! Country: NIP, File Location: common/journal_entries/eafp_japan.txt:127
[01:51:29][eventtargetlinks.cpp:137]: Invalid database object key 'eafp_movement_sonno_joi' file location: common/journal_entries/eafp_japan.txt:132
[01:51:29][eventtargetlinks.cpp:4498]: Failed to find country! Country: NIP, File Location: common/journal_entries/eafp_japan.txt:1824
[01:51:29][eventtargetlinks.cpp:4498]: Failed to find country! Country: NIP, File Location: common/journal_entries/eafp_japan.txt:1878
[01:51:29][jomini_script_system.cpp:247]: Script system error!
  Error: create_building effect [ Invalid production method: pm_default_building_edojo ]
  Script location: common/history/buildings/jap_building.txt:4

[01:51:29][jomini_script_system.cpp:247]: Script system error!
  Error: create_building effect [ Invalid production method: pm_military_shipbuilding_wooden ]
  Script location: common/history/buildings/kor_building.txt:75

[01:51:29][jomini_script_system.cpp:247]: Script system error!
  Error: post_notification effect [ Invalid database object 'ig_leader_memento_mori' ]
  Script location: events/eafp_chi_events/eafp_chi_military_headquarters_events.txt:15

[01:51:29][character_templates_utils.cpp:40]: Invalid Ideology ideology_hitotsubashiha in common/scripted_effects/eafp_japan_effects.txt:277
[01:51:29][character_templates_utils.cpp:40]: Trying to initiatlize non-character ideology  to character --- in common/scripted_effects/eafp_japan_effects.txt:277
[01:51:29][character_templates_utils.cpp:40]: Invalid Ideology ideology_hitotsubashiha in common/scripted_effects/eafp_japan_effects.txt:310
[01:51:29][character_templates_utils.cpp:40]: Trying to initiatlize non-character ideology  to character --- in common/scripted_effects/eafp_japan_effects.txt:310
[01:51:29][character_templates_utils.cpp:40]: Invalid Ideology ideology_hitotsubashiha in common/scripted_effects/eafp_japan_effects.txt:345
[01:51:29][character_templates_utils.cpp:40]: Trying to initiatlize non-character ideology  to character ---Ii in common/scripted_effects/eafp_japan_effects.txt:345
[01:51:29][character_templates_utils.cpp:40]: Invalid Ideology ideology_hitotsubashiha in common/scripted_effects/eafp_japan_effects.txt:379
[01:51:29][character_templates_utils.cpp:40]: Trying to initiatlize non-character ideology  to character ---Sakai in common/scripted_effects/eafp_japan_effects.txt:379
[01:51:29][character_templates_utils.cpp:40]: Invalid Ideology ideology_kaikakuha in common/scripted_effects/eafp_japan_effects.txt:277
[01:51:29][character_templates_utils.cpp:40]: Trying to initiatlize non-character ideology  to character --- in common/scripted_effects/eafp_japan_effects.txt:277
[01:51:29][character_templates_utils.cpp:40]: Invalid Ideology ideology_kaikakuha in common/scripted_effects/eafp_japan_effects.txt:310
[01:51:29][character_templates_utils.cpp:40]: Trying to initiatlize non-character ideology  to character --- in common/scripted_effects/eafp_japan_effects.txt:310
[01:51:29][character_templates_utils.cpp:40]: Invalid Ideology ideology_kaikakuha in common/scripted_effects/eafp_japan_effects.txt:345
[01:51:29][character_templates_utils.cpp:40]: Trying to initiatlize non-character ideology  to character ---Ii in common/scripted_effects/eafp_japan_effects.txt:345
[01:51:29][character_templates_utils.cpp:40]: Invalid Ideology ideology_kaikakuha in common/scripted_effects/eafp_japan_effects.txt:379
[01:51:29][character_templates_utils.cpp:40]: Trying to initiatlize non-character ideology  to character ---Sakai in common/scripted_effects/eafp_japan_effects.txt:379
[01:51:29][character_templates_utils.cpp:40]: Invalid Ideology ideology_nankiha in common/scripted_effects/eafp_japan_effects.txt:277
[01:51:29][character_templates_utils.cpp:40]: Trying to initiatlize non-character ideology  to character --- in common/scripted_effects/eafp_japan_effects.txt:277
[01:51:29][character_templates_utils.cpp:40]: Invalid Ideology ideology_nankiha in common/scripted_effects/eafp_japan_effects.txt:310
[01:51:29][character_templates_utils.cpp:40]: Trying to initiatlize non-character ideology  to character --- in common/scripted_effects/eafp_japan_effects.txt:310
[01:51:29][character_templates_utils.cpp:40]: Invalid Ideology ideology_nankiha in common/scripted_effects/eafp_japan_effects.txt:345
[01:51:29][character_templates_utils.cpp:40]: Trying to initiatlize non-character ideology  to character ---Ii in common/scripted_effects/eafp_japan_effects.txt:345
[01:51:29][character_templates_utils.cpp:40]: Invalid Ideology ideology_nankiha in common/scripted_effects/eafp_japan_effects.txt:379
[01:51:29][character_templates_utils.cpp:40]: Trying to initiatlize non-character ideology  to character ---Sakai in common/scripted_effects/eafp_japan_effects.txt:379
[01:51:29][character_templates_utils.cpp:40]: Invalid Ideology ideology_hoshuha in common/scripted_effects/eafp_japan_effects.txt:277
[01:51:29][character_templates_utils.cpp:40]: Trying to initiatlize non-character ideology  to character --- in common/scripted_effects/eafp_japan_effects.txt:277
[01:51:29][character_templates_utils.cpp:40]: Invalid Ideology ideology_hoshuha in common/scripted_effects/eafp_japan_effects.txt:310
[01:51:29][character_templates_utils.cpp:40]: Trying to initiatlize non-character ideology  to character --- in common/scripted_effects/eafp_japan_effects.txt:310
[01:51:29][character_templates_utils.cpp:40]: Invalid Ideology ideology_hoshuha in common/scripted_effects/eafp_japan_effects.txt:345
[01:51:29][character_templates_utils.cpp:40]: Trying to initiatlize non-character ideology  to character ---Ii in common/scripted_effects/eafp_japan_effects.txt:345
[01:51:29][character_templates_utils.cpp:40]: Invalid Ideology ideology_hoshuha in common/scripted_effects/eafp_japan_effects.txt:379
[01:51:29][character_templates_utils.cpp:40]: Trying to initiatlize non-character ideology  to character ---Sakai in common/scripted_effects/eafp_japan_effects.txt:379
[01:51:29][character_templates_utils.cpp:40]: Invalid Ideology ideology_hitotsubashiha in common/scripted_effects/eafp_japan_effects.txt:277
[01:51:29][character_templates_utils.cpp:40]: Trying to initiatlize non-character ideology  to character --- in common/scripted_effects/eafp_japan_effects.txt:277
[01:51:29][character_templates_utils.cpp:40]: Invalid Ideology ideology_hitotsubashiha in common/scripted_effects/eafp_japan_effects.txt:310
[01:51:29][character_templates_utils.cpp:40]: Trying to initiatlize non-character ideology  to character --- in common/scripted_effects/eafp_japan_effects.txt:310
[01:51:29][character_templates_utils.cpp:40]: Invalid Ideology ideology_hitotsubashiha in common/scripted_effects/eafp_japan_effects.txt:345
[01:51:29][character_templates_utils.cpp:40]: Trying to initiatlize non-character ideology  to character ---Ii in common/scripted_effects/eafp_japan_effects.txt:345
[01:51:29][character_templates_utils.cpp:40]: Invalid Ideology ideology_hitotsubashiha in common/scripted_effects/eafp_japan_effects.txt:379
[01:51:29][character_templates_utils.cpp:40]: Trying to initiatlize non-character ideology  to character ---Sakai in common/scripted_effects/eafp_japan_effects.txt:379
[01:51:29][character_templates_utils.cpp:40]: Invalid Ideology ideology_kaikakuha in common/scripted_effects/eafp_japan_effects.txt:277
[01:51:29][character_templates_utils.cpp:40]: Trying to initiatlize non-character ideology  to character --- in common/scripted_effects/eafp_japan_effects.txt:277
[01:51:29][character_templates_utils.cpp:40]: Invalid Ideology ideology_kaikakuha in common/scripted_effects/eafp_japan_effects.txt:310
[01:51:29][character_templates_utils.cpp:40]: Trying to initiatlize non-character ideology  to character --- in common/scripted_effects/eafp_japan_effects.txt:310
[01:51:29][character_templates_utils.cpp:40]: Invalid Ideology ideology_kaikakuha in common/scripted_effects/eafp_japan_effects.txt:345
[01:51:29][character_templates_utils.cpp:40]: Trying to initiatlize non-character ideology  to character ---Ii in common/scripted_effects/eafp_japan_effects.txt:345
[01:51:29][character_templates_utils.cpp:40]: Invalid Ideology ideology_kaikakuha in common/scripted_effects/eafp_japan_effects.txt:379
[01:51:29][character_templates_utils.cpp:40]: Trying to initiatlize non-character ideology  to character ---Sakai in common/scripted_effects/eafp_japan_effects.txt:379
[01:51:29][character_templates_utils.cpp:40]: Invalid Ideology ideology_nankiha in common/scripted_effects/eafp_japan_effects.txt:277
[01:51:29][character_templates_utils.cpp:40]: Trying to initiatlize non-character ideology  to character --- in common/scripted_effects/eafp_japan_effects.txt:277
[01:51:29][character_templates_utils.cpp:40]: Invalid Ideology ideology_nankiha in common/scripted_effects/eafp_japan_effects.txt:310
[01:51:29][character_templates_utils.cpp:40]: Trying to initiatlize non-character ideology  to character --- in common/scripted_effects/eafp_japan_effects.txt:310
[01:51:29][character_templates_utils.cpp:40]: Invalid Ideology ideology_nankiha in common/scripted_effects/eafp_japan_effects.txt:345
[01:51:29][character_templates_utils.cpp:40]: Trying to initiatlize non-character ideology  to character ---Ii in common/scripted_effects/eafp_japan_effects.txt:345
[01:51:29][character_templates_utils.cpp:40]: Invalid Ideology ideology_nankiha in common/scripted_effects/eafp_japan_effects.txt:379
[01:51:29][character_templates_utils.cpp:40]: Trying to initiatlize non-character ideology  to character ---Sakai in common/scripted_effects/eafp_japan_effects.txt:379
[01:51:29][character_templates_utils.cpp:40]: Invalid Ideology ideology_hoshuha in common/scripted_effects/eafp_japan_effects.txt:277
[01:51:29][character_templates_utils.cpp:40]: Trying to initiatlize non-character ideology  to character --- in common/scripted_effects/eafp_japan_effects.txt:277
[01:51:29][character_templates_utils.cpp:40]: Invalid Ideology ideology_hoshuha in common/scripted_effects/eafp_japan_effects.txt:310
[01:51:29][character_templates_utils.cpp:40]: Trying to initiatlize non-character ideology  to character --- in common/scripted_effects/eafp_japan_effects.txt:310
[01:51:29][character_templates_utils.cpp:40]: Invalid Ideology ideology_hoshuha in common/scripted_effects/eafp_japan_effects.txt:345
[01:51:29][character_templates_utils.cpp:40]: Trying to initiatlize non-character ideology  to character ---Ii in common/scripted_effects/eafp_japan_effects.txt:345
[01:51:29][character_templates_utils.cpp:40]: Invalid Ideology ideology_hoshuha in common/scripted_effects/eafp_japan_effects.txt:379
[01:51:29][character_templates_utils.cpp:40]: Trying to initiatlize non-character ideology  to character ---Sakai in common/scripted_effects/eafp_japan_effects.txt:379
[01:51:29][character_templates_utils.cpp:40]: Invalid Ideology ideology_hitotsubashiha in common/scripted_effects/eafp_japan_effects.txt:277
[01:51:29][character_templates_utils.cpp:40]: Trying to initiatlize non-character ideology  to character --- in common/scripted_effects/eafp_japan_effects.txt:277
[01:51:29][character_templates_utils.cpp:40]: Invalid Ideology ideology_hitotsubashiha in common/scripted_effects/eafp_japan_effects.txt:310
[01:51:29][character_templates_utils.cpp:40]: Trying to initiatlize non-character ideology  to character --- in common/scripted_effects/eafp_japan_effects.txt:310
[01:51:29][character_templates_utils.cpp:40]: Invalid Ideology ideology_hitotsubashiha in common/scripted_effects/eafp_japan_effects.txt:345
[01:51:29][character_templates_utils.cpp:40]: Trying to initiatlize non-character ideology  to character ---Ii in common/scripted_effects/eafp_japan_effects.txt:345
[01:51:29][character_templates_utils.cpp:40]: Invalid Ideology ideology_hitotsubashiha in common/scripted_effects/eafp_japan_effects.txt:379
[01:51:29][character_templates_utils.cpp:40]: Trying to initiatlize non-character ideology  to character ---Sakai in common/scripted_effects/eafp_japan_effects.txt:379
[01:51:29][character_templates_utils.cpp:40]: Invalid Ideology ideology_kaikakuha in common/scripted_effects/eafp_japan_effects.txt:277
[01:51:29][character_templates_utils.cpp:40]: Trying to initiatlize non-character ideology  to character --- in common/scripted_effects/eafp_japan_effects.txt:277
[01:51:29][character_templates_utils.cpp:40]: Invalid Ideology ideology_kaikakuha in common/scripted_effects/eafp_japan_effects.txt:310
[01:51:29][character_templates_utils.cpp:40]: Trying to initiatlize non-character ideology  to character --- in common/scripted_effects/eafp_japan_effects.txt:310
[01:51:29][character_templates_utils.cpp:40]: Invalid Ideology ideology_kaikakuha in common/scripted_effects/eafp_japan_effects.txt:345
[01:51:29][character_templates_utils.cpp:40]: Trying to initiatlize non-character ideology  to character ---Ii in common/scripted_effects/eafp_japan_effects.txt:345
[01:51:29][character_templates_utils.cpp:40]: Invalid Ideology ideology_kaikakuha in common/scripted_effects/eafp_japan_effects.txt:379
[01:51:29][character_templates_utils.cpp:40]: Trying to initiatlize non-character ideology  to character ---Sakai in common/scripted_effects/eafp_japan_effects.txt:379
[01:51:29][character_templates_utils.cpp:40]: Invalid Ideology ideology_nankiha in common/scripted_effects/eafp_japan_effects.txt:277
[01:51:29][character_templates_utils.cpp:40]: Trying to initiatlize non-character ideology  to character --- in common/scripted_effects/eafp_japan_effects.txt:277
[01:51:29][character_templates_utils.cpp:40]: Invalid Ideology ideology_nankiha in common/scripted_effects/eafp_japan_effects.txt:310
[01:51:29][character_templates_utils.cpp:40]: Trying to initiatlize non-character ideology  to character --- in common/scripted_effects/eafp_japan_effects.txt:310
[01:51:29][character_templates_utils.cpp:40]: Invalid Ideology ideology_nankiha in common/scripted_effects/eafp_japan_effects.txt:345
[01:51:29][character_templates_utils.cpp:40]: Trying to initiatlize non-character ideology  to character ---Ii in common/scripted_effects/eafp_japan_effects.txt:345
[01:51:29][character_templates_utils.cpp:40]: Invalid Ideology ideology_nankiha in common/scripted_effects/eafp_japan_effects.txt:379
[01:51:29][character_templates_utils.cpp:40]: Trying to initiatlize non-character ideology  to character ---Sakai in common/scripted_effects/eafp_japan_effects.txt:379
[01:51:29][character_templates_utils.cpp:40]: Invalid Ideology ideology_hoshuha in common/scripted_effects/eafp_japan_effects.txt:277
[01:51:29][character_templates_utils.cpp:40]: Trying to initiatlize non-character ideology  to character --- in common/scripted_effects/eafp_japan_effects.txt:277
[01:51:29][character_templates_utils.cpp:40]: Invalid Ideology ideology_hoshuha in common/scripted_effects/eafp_japan_effects.txt:310
[01:51:29][character_templates_utils.cpp:40]: Trying to initiatlize non-character ideology  to character --- in common/scripted_effects/eafp_japan_effects.txt:310
[01:51:29][character_templates_utils.cpp:40]: Invalid Ideology ideology_hoshuha in common/scripted_effects/eafp_japan_effects.txt:345
[01:51:29][character_templates_utils.cpp:40]: Trying to initiatlize non-character ideology  to character ---Ii in common/scripted_effects/eafp_japan_effects.txt:345
[01:51:29][character_templates_utils.cpp:40]: Invalid Ideology ideology_hoshuha in common/scripted_effects/eafp_japan_effects.txt:379
[01:51:29][character_templates_utils.cpp:40]: Trying to initiatlize non-character ideology  to character ---Sakai in common/scripted_effects/eafp_japan_effects.txt:379
[01:51:29][jomini_script_system.cpp:247]: Script system error!
  Error: create_building effect [ Invalid building ]
  Script location: common/history/buildings/jap_building.txt:4

[01:51:29][jomini_script_system.cpp:247]: Script system error!
  Error: create_building effect [ Invalid building ]
  Script location: common/history/buildings/kor_building.txt:75

